country,continents,year,lifeExp,pop,gdpPercap,iso_alpha,iso_num
United Kingdom,Oceania,1992,44.4,1306494450,3998.03,ISO495,18
Mexico,Oceania,1992,63.44,483927890,76268.51,ISO494,81
Saudi Arabia,Asia,2025,72.42,405411369,53501.77,ISO726,504
United Kingdom,South America,1966,71.59,364121103,75393.45,ISO174,591
Nigeria,Europe,2008,60.29,1294453452,16773.12,ISO197,421
Egypt,North America,1960,63.5,191027695,4215.28,ISO482,843
Argentina,Europe,1998,63.23,1137409855,39568.59,ISO722,278
Egypt,South America,2019,71.12,154879409,36599.25,ISO968,497
Spain,Oceania,2003,42.16,903170423,27187.89,ISO469,200
Russia,North America,1976,71.95,886758407,76654.86,ISO384,379
United States,Africa,2019,66.2,1220413943,65984.11,ISO355,734
Italy,Oceania,2019,48.91,561585137,53264.98,ISO929,66
China,Oceania,1960,42.21,799316126,13865.81,ISO408,364
Mexico,Asia,1950,44.88,597766892,59011.55,ISO728,976
Canada,South America,1966,63.61,778294296,58433.98,ISO275,547
Argentina,Asia,1950,74.13,227063782,34580.39,ISO327,994
Brazil,Asia,1955,55.06,274066900,74058.09,ISO446,748
Nigeria,Europe,1960,57.06,935042038,14191.25,ISO717,113
France,Oceania,1987,82.04,1013313079,22119.67,ISO441,680
Italy,South America,1998,49.59,677342840,5994.72,ISO995,197
France,Asia,1966,44.67,1160651825,63840.63,ISO338,522
France,Africa,1966,55.45,303579301,50118.99,ISO711,947
Indonesia,North America,2014,73.57,1327565936,25880.28,ISO787,654
Spain,South America,1998,68.17,164703211,13941.28,ISO449,462
Argentina,Europe,1992,58.71,199898082,4171.67,ISO554,858
Mexico,South America,1982,83.41,871329860,14172.9,ISO540,802
France,Oceania,1955,73.07,135854712,36809.49,ISO860,943
Italy,Europe,1960,42.78,1176035483,20526.98,ISO687,304
Japan,North America,1966,73.51,1313125873,21459.59,ISO614,971
India,Africa,1966,41.08,993463348,70170.53,ISO180,571
India,Asia,1998,69.26,1392307923,41695.88,ISO460,675
Russia,South America,1987,49.47,938549580,58610.91,ISO387,499
France,Europe,1998,71.34,467993866,3821.16,ISO107,152
South Africa,North America,2019,53.94,537041362,29847.91,ISO186,802
Germany,Asia,1998,79.29,466996855,38854.38,ISO385,772
Mexico,North America,1976,55.16,485092981,15726.93,ISO498,464
Canada,Africa,1960,67.89,765495652,10495.13,ISO173,142
Italy,Asia,2003,52.87,835808820,69754.0,ISO538,864
Germany,Asia,1992,81.27,112917787,75215.1,ISO222,839
Germany,Asia,1998,75.14,1089642555,7225.73,ISO476,295
Brazil,Europe,1987,50.95,281827107,28572.48,ISO905,338
Australia,Asia,1992,82.7,574078955,76704.56,ISO242,702
Saudi Arabia,North America,2025,56.07,413643173,7569.78,ISO257,838
United States,Europe,1971,69.33,712089874,51847.67,ISO529,187
United States,Asia,1960,73.43,1085559382,77805.49,ISO547,310
South Africa,North America,1966,41.03,714241371,78279.67,ISO509,928
Germany,North America,2019,83.15,701920707,38226.64,ISO470,984
Germany,South America,2014,55.5,879365371,13857.18,ISO208,901
Canada,North America,2008,48.54,1239919185,16964.66,ISO945,265
Italy,Oceania,1971,78.28,1070532604,71278.51,ISO806,930
Saudi Arabia,Africa,1992,71.63,175448176,73022.96,ISO135,313
Egypt,Asia,1992,43.9,333028530,49022.49,ISO189,347
Spain,Asia,2019,45.27,1329200742,61527.94,ISO514,427
Germany,Asia,1960,72.18,441282840,59454.57,ISO395,660
Argentina,North America,1982,43.37,1378076433,53283.91,ISO941,776
France,North America,1976,81.27,602859845,66354.88,ISO812,517
Nigeria,Asia,2025,73.37,839351058,55147.12,ISO145,829
Saudi Arabia,Oceania,1966,55.1,1168237684,43186.18,ISO587,527
Russia,Europe,1971,56.33,616451595,19719.55,ISO718,264
Germany,Europe,2019,62.79,112796066,59767.16,ISO269,365
South Africa,Africa,2025,56.24,161282432,38401.59,ISO245,959
Australia,South America,1998,75.26,1019085508,24288.54,ISO967,172
Spain,Africa,1955,83.86,1155302400,64353.76,ISO519,663
Egypt,Asia,2003,66.3,1178639175,56040.37,ISO789,203
Argentina,Asia,1982,60.07,1031957166,75049.83,ISO672,388
Egypt,Asia,2019,50.02,856715370,14069.89,ISO102,315
France,South America,1966,69.4,984991121,52285.95,ISO693,585
India,North America,1955,70.85,866195245,20294.92,ISO362,315
United States,South America,2003,70.83,1082937786,72383.06,ISO898,569
France,Africa,1976,41.21,181544968,8860.45,ISO420,398
Nigeria,North America,2003,80.46,1320356267,52836.78,ISO706,774
Mexico,North America,2008,55.21,1052458396,63495.77,ISO675,354
Indonesia,Africa,1955,73.49,1294159596,29038.51,ISO345,31
Egypt,North America,1998,74.19,1254988544,76376.91,ISO688,882
Nigeria,Europe,1955,69.27,471835714,68207.72,ISO576,878
Japan,Africa,1982,57.77,418659669,24274.85,ISO358,635
Brazil,Africa,1950,67.38,934332535,1595.75,ISO192,136
South Africa,Europe,1982,41.81,838033647,24435.92,ISO902,383
Indonesia,South America,1998,74.29,1365058195,23223.53,ISO882,605
China,South America,1971,44.48,74125534,71307.2,ISO632,531
India,South America,1950,57.85,191051101,77402.57,ISO673,290
Saudi Arabia,North America,1976,44.66,620563087,6564.76,ISO438,287
Egypt,Europe,1982,77.67,139282561,38232.29,ISO359,906
Canada,Africa,1950,64.76,526237456,44318.23,ISO336,745
United States,Africa,1992,71.09,511767625,8340.02,ISO240,652
Germany,Africa,2025,70.72,238901370,30822.32,ISO778,810
Mexico,North America,1982,77.87,500746610,26049.51,ISO579,230
France,North America,1950,45.97,795697594,43348.45,ISO678,430
France,Oceania,1960,69.69,850405493,53234.08,ISO449,30
Egypt,South America,1971,65.88,648566781,56575.32,ISO669,335
France,Oceania,1966,41.39,1372581264,11803.65,ISO823,120
Italy,Oceania,1955,49.06,116904904,65222.87,ISO229,92
Mexico,North America,2025,52.04,1345698263,54604.82,ISO636,622
Spain,South America,1950,43.27,1311433994,71236.92,ISO110,736
China,South America,1966,55.96,1298876871,36497.55,ISO356,738
Indonesia,Africa,1982,41.22,373128920,71617.29,ISO915,125
Germany,North America,2003,64.89,1192977069,69396.16,ISO468,897
China,South America,1966,49.52,1378244532,35634.34,ISO493,869
Canada,Oceania,1992,52.92,15486679,31110.32,ISO692,36
Brazil,Europe,2019,80.97,1375509039,74692.15,ISO897,606
Indonesia,Europe,1987,62.63,865375759,57498.01,ISO518,699
Australia,North America,1987,52.11,41695378,74331.38,ISO981,891
Indonesia,Africa,1971,66.93,389465594,63961.01,ISO118,773
South Africa,Africa,2008,49.08,16662494,49134.5,ISO209,401
Spain,South America,2025,43.35,698719690,10152.37,ISO536,528
Germany,North America,1950,40.94,1116453061,24026.97,ISO604,27
Egypt,Europe,2025,82.82,1123908831,77538.55,ISO133,328
India,Oceania,1992,72.61,1242147567,26234.35,ISO387,37
South Africa,South America,1955,76.0,419175500,8367.13,ISO943,250
Japan,Oceania,1976,84.14,689798786,56896.72,ISO354,858
Canada,South America,1998,81.92,507403767,58986.34,ISO737,22
France,Asia,2019,73.16,1243869495,23551.16,ISO820,33
China,Oceania,1971,71.23,997367912,24516.09,ISO233,52
Argentina,North America,1998,55.16,493309687,38042.55,ISO598,942
Egypt,Oceania,2014,44.68,213830117,2721.33,ISO496,915
Mexico,Oceania,2025,65.82,762223672,63356.52,ISO586,183
Russia,South America,1987,65.93,1222333840,26050.01,ISO697,373
United Kingdom,Europe,2003,82.85,783668738,68447.29,ISO686,887
South Africa,Asia,1960,59.92,1157347681,64407.8,ISO746,741
Argentina,Oceania,1976,71.09,131837579,53250.76,ISO912,948
Germany,Europe,1976,65.87,660458519,26665.11,ISO784,398
United States,Africa,1998,47.95,358314117,41789.01,ISO312,593
Italy,Asia,1960,66.64,1250730281,36141.51,ISO932,499
Japan,Asia,2008,64.31,1226198090,27771.67,ISO449,434
Germany,South America,2008,62.23,373599663,68002.77,ISO118,210
Brazil,Oceania,2025,63.1,88498010,39197.06,ISO218,38
Nigeria,Africa,2008,47.38,452104559,66785.12,ISO914,765
Russia,South America,1982,60.86,524294993,9312.26,ISO401,586
United States,North America,2003,67.25,892371034,12140.96,ISO384,416
France,Europe,1966,62.03,209877621,78208.3,ISO326,367
Germany,Europe,1971,61.99,524484214,47433.71,ISO606,313
Mexico,South America,1992,43.49,52274615,41271.8,ISO600,985
Egypt,Europe,1976,48.58,6200148,42329.33,ISO311,282
Brazil,Oceania,1998,54.44,1283837946,18006.23,ISO455,155
China,Europe,2025,58.87,849350066,57777.61,ISO800,230
Brazil,Oceania,2014,66.73,513152993,7697.67,ISO586,246
Canada,North America,1966,78.85,313814199,46292.57,ISO420,13
Mexico,Africa,1987,47.16,123486014,46090.73,ISO762,832
United Kingdom,Asia,1992,40.68,907478133,73220.89,ISO322,395
Saudi Arabia,South America,1998,60.22,462272727,42568.44,ISO739,51
France,South America,1971,59.44,191247442,11827.95,ISO859,627
India,Oceania,1955,64.84,469997973,46247.51,ISO662,207
Mexico,North America,2025,77.49,383510450,8214.88,ISO290,992
Saudi Arabia,North America,2025,76.11,214392250,17099.71,ISO599,897
Italy,Asia,1976,44.5,336455428,3457.58,ISO594,160
China,Africa,2003,82.03,1000474099,41550.19,ISO336,858
Australia,South America,2025,44.97,150400366,7678.08,ISO121,29
Indonesia,Oceania,2008,68.56,427845780,38082.16,ISO721,424
Italy,North America,1987,70.26,1259900763,74702.66,ISO426,995
Indonesia,South America,2014,70.59,412817091,57861.15,ISO644,823
Spain,Oceania,1971,51.94,2330295,7115.52,ISO226,681
Italy,Europe,1950,54.87,60791063,18712.58,ISO464,764
Nigeria,South America,1987,64.69,148503731,54219.33,ISO967,777
France,Africa,1992,48.98,85695612,71681.45,ISO143,267
Russia,Oceania,1950,40.91,659123280,3600.57,ISO618,532
Russia,Africa,1987,65.3,1108294241,65183.64,ISO227,591
Australia,South America,1998,60.94,738116691,45383.3,ISO702,961
Egypt,Europe,2008,69.55,1024133345,44141.21,ISO229,473
Brazil,Africa,1955,46.6,798691178,76667.24,ISO628,257
Egypt,North America,1966,77.84,890203805,60063.92,ISO420,721
Saudi Arabia,Oceania,2014,46.58,305547229,68159.39,ISO285,549
United States,South America,2025,80.11,999924658,28965.65,ISO721,150
Brazil,Europe,2025,60.23,1149932504,44794.76,ISO897,329
Indonesia,North America,1955,64.74,307027960,49617.05,ISO447,341
Japan,South America,1955,80.35,163060141,26405.13,ISO580,743
Canada,Europe,1998,53.5,219931816,46049.6,ISO774,121
Spain,North America,1960,48.18,1164710534,19695.77,ISO686,168
Egypt,Africa,2019,60.06,1098199699,12326.68,ISO810,553
Italy,South America,1987,51.0,958925584,30543.65,ISO460,914
Japan,South America,1966,63.75,321262402,59403.88,ISO386,873
Argentina,Africa,1982,52.39,208959341,73378.78,ISO281,811
South Africa,Asia,2008,78.9,934010663,37159.41,ISO550,652
Saudi Arabia,North America,1998,67.33,1113787225,51783.07,ISO196,824
Indonesia,Africa,1960,40.01,790889417,9139.93,ISO662,761
Italy,South America,1998,76.25,1222036449,72452.64,ISO413,201
Italy,North America,2008,54.86,27851000,45919.73,ISO645,377
Russia,North America,2019,54.41,431744177,62646.72,ISO120,581
Spain,Asia,2025,57.24,305846692,63760.85,ISO795,595
Russia,South America,2019,68.36,1105158037,21261.96,ISO904,567
China,Europe,2014,59.89,168466796,42804.78,ISO675,132
Egypt,Asia,2003,68.29,1079178353,76877.9,ISO596,417
France,Asia,2019,46.61,1077702015,8081.13,ISO502,383
France,Europe,1960,83.66,773007053,54960.94,ISO223,883
Brazil,Europe,1955,72.83,914373001,77018.86,ISO712,996
Italy,Asia,2014,51.26,172805405,24745.59,ISO218,4
Australia,North America,2008,72.59,881094318,69054.39,ISO952,170
India,Africa,1976,65.88,717211815,74758.95,ISO689,19
Saudi Arabia,Africa,1976,44.91,769390670,60019.81,ISO792,660
India,Asia,1950,48.02,482506974,19274.94,ISO810,115
Canada,North America,1982,41.86,1200176860,27386.06,ISO576,371
Spain,Europe,2008,76.42,629062746,3828.93,ISO971,105
Saudi Arabia,Oceania,2019,64.83,606467220,66684.81,ISO801,597
France,Asia,2019,54.25,261319507,68119.28,ISO939,409
South Africa,South America,1966,45.69,411871993,50984.11,ISO202,985
Nigeria,North America,2014,61.78,952200334,28849.7,ISO432,510
Saudi Arabia,South America,2003,63.64,163852055,7068.07,ISO977,614
Russia,South America,2008,71.59,371510256,60491.55,ISO886,674
China,Asia,1960,83.65,507690378,58395.57,ISO558,43
Japan,North America,2014,59.57,1345681976,73095.6,ISO229,670
United Kingdom,South America,2014,58.27,711291847,58712.03,ISO852,551
Italy,North America,1987,56.65,658765992,66466.9,ISO233,384
Japan,Africa,1955,77.21,709876248,59930.41,ISO256,762
Russia,Oceania,1992,47.03,665327867,50824.29,ISO524,519
Italy,South America,2014,55.47,1146913507,34730.35,ISO534,500
Egypt,South America,1987,72.62,503689330,72267.27,ISO488,889
Egypt,North America,1987,40.71,69972111,52426.52,ISO417,968
Italy,Oceania,2014,53.02,836284150,32470.07,ISO769,284
United Kingdom,Africa,1960,68.87,460607349,7594.07,ISO604,354
Indonesia,South America,2014,48.37,1257692157,23965.68,ISO970,337
United Kingdom,Asia,1966,53.62,223436631,43954.41,ISO289,929
Argentina,North America,1955,61.87,716607952,22775.19,ISO711,946
Indonesia,North America,1955,58.99,275878255,18477.59,ISO510,764
China,South America,1966,44.77,854999955,42664.09,ISO151,527
Spain,Africa,1976,82.22,586093845,14415.81,ISO660,286
Mexico,South America,1971,41.99,778735686,64232.4,ISO545,944
France,Europe,2025,73.74,567858762,39265.08,ISO711,731
Japan,South America,1950,43.21,674897995,46335.16,ISO543,322
Spain,Oceania,2014,61.03,498313389,12643.28,ISO481,826
United Kingdom,Oceania,1998,47.89,1051931332,26641.53,ISO862,417
France,Europe,1950,46.35,219037124,33397.08,ISO473,597
Japan,Oceania,2025,45.67,1076895443,64848.81,ISO665,17
Spain,Oceania,1976,60.38,359424117,61842.6,ISO474,59
France,Asia,1960,63.2,1166824953,18615.22,ISO488,406
Argentina,North America,1960,46.0,416279182,49678.15,ISO748,345
Egypt,Oceania,1982,84.07,206369689,20233.05,ISO773,797
Japan,North America,2014,51.6,973640864,79071.53,ISO965,202
Australia,Africa,2014,60.65,936935224,76217.79,ISO903,863
Canada,South America,1950,49.73,635193096,45497.91,ISO578,681
Japan,Asia,1950,62.23,439352002,56213.3,ISO503,968
Nigeria,Europe,2019,74.02,1001143203,64313.0,ISO692,295
Egypt,Africa,2014,63.45,614071791,57958.88,ISO567,661
South Africa,Asia,1998,52.85,268497286,56286.47,ISO831,444
Japan,Asia,1960,51.18,143577813,76725.77,ISO696,81
Canada,Europe,2019,74.15,53753948,48120.03,ISO604,115
Japan,Europe,1987,45.32,425996913,51267.91,ISO182,538
Germany,North America,1950,56.65,485202959,68092.23,ISO418,378
France,South America,1998,46.82,785440559,53921.38,ISO166,119
Mexico,Africa,2014,51.61,549824545,58901.68,ISO513,145
Japan,South America,1966,46.87,1086923209,19499.33,ISO552,995
Canada,Africa,1992,79.9,1001061382,30330.09,ISO845,200
Argentina,Asia,2019,72.94,627782542,12636.81,ISO297,793
Argentina,Oceania,1966,65.24,952395679,40955.47,ISO358,543
Spain,Oceania,1998,50.1,1396103368,37002.46,ISO788,302
China,Europe,1987,62.96,1077087110,79775.86,ISO397,79
Canada,Europe,1982,63.44,1242632762,49285.48,ISO379,533
Argentina,Asia,1960,66.57,1100971554,63129.14,ISO399,103
Mexico,Asia,1982,42.7,1283533127,27387.16,ISO228,482
Saudi Arabia,Africa,2025,83.78,209191745,66692.08,ISO597,976
United Kingdom,Asia,1982,60.94,1225736952,49591.71,ISO982,471
China,Africa,1998,81.69,859224307,56062.39,ISO537,639
China,South America,1960,40.44,1336804026,24260.03,ISO791,880
Indonesia,Europe,1955,51.14,820699576,44342.43,ISO391,295
Spain,Europe,2025,44.68,676093599,51088.92,ISO306,128
Japan,Oceania,1992,74.63,948901020,47538.48,ISO393,522
South Africa,Oceania,2025,54.41,904928322,73300.3,ISO949,26
Indonesia,Europe,1950,77.82,493385159,71963.54,ISO786,165
Brazil,South America,2019,77.46,843471357,77707.74,ISO128,632
Brazil,South America,1982,70.05,567019442,53726.81,ISO278,509
Saudi Arabia,North America,1966,69.96,1052232560,77781.22,ISO140,885
United States,Africa,1955,71.51,525991844,66765.76,ISO569,867
India,Oceania,2025,70.32,640298707,22395.74,ISO291,24
Argentina,Africa,1955,57.41,512785616,34767.42,ISO443,767
Japan,Oceania,1987,70.73,1188174217,19833.0,ISO848,841
Spain,North America,1982,80.38,1379013032,1331.58,ISO915,467
Russia,Europe,2008,54.97,296184277,15855.85,ISO836,486
Nigeria,Africa,1982,82.52,766073669,1320.79,ISO725,505
Japan,Oceania,1971,40.61,858424362,57867.24,ISO377,946
Indonesia,Africa,2019,55.71,118556254,34617.21,ISO454,312
China,Europe,1998,45.94,481920253,25693.4,ISO628,599
United States,Asia,1987,45.7,843566518,61175.95,ISO185,877
Argentina,Oceania,2019,76.69,606803787,66766.46,ISO416,556
Spain,Asia,1955,81.33,1380022014,78048.66,ISO956,206
Canada,North America,1955,75.0,749991887,51719.07,ISO792,419
Saudi Arabia,South America,1971,83.95,1338022357,37460.79,ISO436,643
Italy,Africa,2025,49.73,1008958106,25115.88,ISO962,145
Japan,Oceania,1950,46.34,356930711,18563.14,ISO244,859
France,Africa,1976,63.43,488309131,17821.15,ISO414,618
Germany,North America,1966,77.31,999129140,33325.96,ISO324,110
Saudi Arabia,North America,1976,41.79,230422865,79351.12,ISO522,994
Saudi Arabia,Africa,1982,84.8,466134702,1067.44,ISO153,532
Indonesia,Oceania,2014,67.1,706486927,16579.27,ISO993,540
Indonesia,Europe,1960,84.05,925934979,15883.05,ISO915,579
Indonesia,Europe,2003,56.43,974062560,57652.44,ISO167,972
Brazil,South America,2014,60.61,772701973,28846.29,ISO718,857
Brazil,Africa,1987,73.86,907335678,37123.6,ISO433,890
Italy,Africa,1982,75.67,915651153,12741.31,ISO176,752
Italy,Oceania,2014,50.49,279630170,32994.77,ISO638,691
Saudi Arabia,Africa,1950,81.84,1192092969,9152.79,ISO955,294
Indonesia,Oceania,1976,79.03,826886674,43110.42,ISO254,808
India,Africa,1982,40.82,882672431,8737.13,ISO171,314
United Kingdom,North America,2019,45.79,295316877,63450.16,ISO600,916
Egypt,Asia,2003,62.32,645916055,45761.54,ISO546,671
United Kingdom,Africa,2025,60.74,1257652261,58193.46,ISO791,388
United Kingdom,Asia,1966,71.88,321585269,34062.79,ISO658,56
China,Europe,2019,44.04,568274070,31137.81,ISO853,588
Canada,South America,1955,69.02,360331588,8758.5,ISO458,186
India,Europe,1998,67.74,1348770091,42384.59,ISO376,372
India,Africa,1992,50.51,1174867642,41645.67,ISO982,704
Brazil,Oceania,1982,64.41,1344566243,37980.06,ISO412,16
Japan,Europe,1950,50.0,1279697013,59500.95,ISO204,562
France,North America,1987,46.61,374315799,66767.85,ISO194,963
Spain,Asia,2025,65.79,261890019,60312.38,ISO318,163
Russia,Oceania,1960,83.99,1120474372,12365.39,ISO781,287
China,Oceania,1966,50.66,1109290086,50142.7,ISO977,568
Australia,Africa,2008,55.99,782171653,7345.53,ISO894,290
Saudi Arabia,North America,1971,51.55,314360236,55875.16,ISO227,11
Nigeria,Asia,1950,51.99,729366307,31165.29,ISO299,75
Mexico,North America,2025,58.19,992116524,11467.42,ISO431,895
Australia,Europe,1976,71.58,1285539721,69102.02,ISO646,101
Egypt,Africa,1998,41.75,1057292308,49506.66,ISO965,90
Nigeria,Oceania,1976,83.07,549324007,29023.27,ISO755,845
Argentina,Oceania,1955,42.08,811590694,3427.45,ISO391,104
Russia,Europe,2003,79.66,1300435044,43447.51,ISO165,284
Mexico,Oceania,1998,80.25,282457262,73934.84,ISO830,886
Egypt,South America,1976,63.6,569321438,48114.01,ISO667,292
India,Africa,1987,46.16,1084489070,77760.4,ISO756,752
United Kingdom,Europe,1976,65.43,290915570,11779.64,ISO503,199
Canada,Africa,1966,68.29,329392595,45896.1,ISO824,394
Canada,Asia,2025,78.6,933714477,64051.88,ISO705,612
Nigeria,Africa,1966,64.79,1388655614,42517.72,ISO717,453
Germany,Africa,1992,58.48,448711531,8194.24,ISO695,371
South Africa,Asia,1976,77.72,196326326,47047.99,ISO747,433
Japan,Europe,1987,84.14,1282579240,49327.29,ISO245,99
Spain,Africa,1987,69.03,384115002,58568.03,ISO860,264
France,North America,1982,79.35,178743746,61135.71,ISO629,515
United Kingdom,Africa,1960,66.94,954156221,61891.04,ISO501,124
United Kingdom,Europe,1998,71.04,141023530,53412.11,ISO224,369
United Kingdom,Oceania,1950,70.97,1175755977,18049.08,ISO613,788
Egypt,Asia,1971,71.72,1197985280,32934.62,ISO431,335
Spain,Oceania,2014,54.45,644456048,62314.27,ISO579,55
India,Europe,2025,65.9,132022715,76320.73,ISO811,399
Argentina,South America,1998,66.74,243113740,7236.81,ISO749,321
Indonesia,Oceania,1998,54.18,760621709,43307.4,ISO814,678
Nigeria,Africa,2025,55.74,697331649,25689.26,ISO497,705
Argentina,Africa,1955,74.3,679374502,18806.12,ISO893,280
Indonesia,Asia,2008,66.22,1084584104,40959.04,ISO914,600
Canada,Africa,1998,46.71,991568259,48881.06,ISO129,197
France,North America,2014,77.69,596969505,1772.01,ISO155,696
Canada,North America,1955,79.74,1252563218,62636.32,ISO730,24
Mexico,Oceania,2019,60.98,496034617,65770.69,ISO231,402
Argentina,Europe,1982,49.4,1289246472,77275.36,ISO330,718
Nigeria,Asia,2003,82.64,104061803,15270.85,ISO494,205
Japan,South America,2014,79.7,364110857,47969.65,ISO251,469
Argentina,Oceania,1960,51.0,379436301,34703.4,ISO601,154
India,Europe,2014,44.3,1276875367,27451.4,ISO605,899
Russia,Asia,1987,59.83,1102799215,45685.04,ISO485,162
Germany,Asia,1992,70.44,403173552,62808.26,ISO632,313
China,Oceania,2019,47.89,274665363,2821.17,ISO547,954
Spain,Europe,2014,63.09,784029763,77582.61,ISO679,507
Russia,Europe,1987,59.14,331141669,64980.65,ISO225,29
Russia,Africa,1976,80.07,1289023355,60341.14,ISO654,824
South Africa,South America,1971,59.33,26414769,61070.6,ISO793,69
United States,North America,1960,64.02,191308612,31735.8,ISO588,938
Spain,Africa,1960,82.99,204498719,60378.02,ISO711,266
Germany,Asia,1982,53.49,151700157,31554.85,ISO990,475
Italy,South America,2014,53.0,651259595,71997.84,ISO545,170
Italy,South America,1971,75.98,702033533,15000.57,ISO569,803
Spain,Europe,2008,52.49,150914906,24095.45,ISO448,157
Egypt,South America,2019,77.43,1395146827,44555.67,ISO607,346
Mexico,Oceania,1976,44.3,722034383,26217.67,ISO556,721
South Africa,South America,2019,45.01,784730099,34514.74,ISO851,416
United Kingdom,Asia,1976,80.56,42516313,39901.39,ISO484,668
Indonesia,Oceania,1992,64.34,315891752,68651.91,ISO811,187
China,Oceania,1950,72.35,553633132,42332.19,ISO547,674
United States,Africa,1987,50.14,960373020,29634.33,ISO727,197
France,South America,1998,47.48,143960336,20571.16,ISO214,5
Australia,Europe,2014,77.57,1278208466,33285.4,ISO551,218
Australia,Africa,2014,56.14,13213648,41743.15,ISO753,690
United Kingdom,Europe,1971,60.48,1350008251,59943.07,ISO218,590
Indonesia,South America,2014,41.26,1237678080,10562.85,ISO192,800
France,Africa,1976,57.36,776168634,18507.13,ISO620,642
Egypt,South America,1976,74.67,1227258035,30992.67,ISO684,486
United Kingdom,Asia,1950,76.96,1075102940,29471.47,ISO637,564
France,Africa,1960,71.44,879111760,31948.1,ISO532,972
Russia,Europe,2008,71.15,806757788,63688.18,ISO850,35
Canada,Asia,1976,62.78,572247934,26608.2,ISO973,673
Australia,North America,2019,64.22,51799853,40649.96,ISO244,18
India,Europe,2025,73.42,703037536,50288.66,ISO167,321
United Kingdom,South America,2019,51.13,161424038,19342.11,ISO799,849
India,Europe,2003,50.42,267563282,57776.94,ISO977,246
Japan,North America,2003,82.75,2136045,44221.79,ISO230,20
Indonesia,Europe,1992,41.25,398988631,36295.71,ISO832,537
Russia,Asia,1976,46.28,378846500,64972.94,ISO380,759
Argentina,Oceania,2025,65.66,1026534596,20236.13,ISO888,929
Germany,Europe,2008,73.2,1190149820,70770.9,ISO751,84
Spain,Africa,2014,64.21,1019975796,45322.85,ISO665,659
Australia,North America,1976,55.98,775234993,49124.82,ISO612,439
United Kingdom,Europe,1950,84.01,535469214,70129.66,ISO739,11
Italy,North America,1992,71.67,130599675,65589.03,ISO100,963
Japan,Oceania,1966,77.41,177378743,48523.4,ISO784,682
China,Asia,2025,41.81,308256904,60501.83,ISO531,290
South Africa,Africa,1955,50.62,593374746,35232.24,ISO490,783
Nigeria,South America,1950,56.84,1397085659,44242.84,ISO365,804
South Africa,Europe,1960,48.22,1000781145,5903.54,ISO498,189
Spain,Asia,1960,43.28,1138869475,8098.78,ISO907,527
Germany,North America,1971,50.13,541297607,66524.61,ISO355,796
United States,Oceania,1950,64.01,951347409,5714.06,ISO494,425
China,North America,1982,71.31,842062201,14382.53,ISO273,819
Egypt,Oceania,2014,74.83,614442812,63870.78,ISO144,469
Russia,Oceania,1950,41.93,562025695,1090.53,ISO954,86
Australia,Asia,1966,59.26,239558044,23309.94,ISO240,570
United States,Europe,1976,45.5,541175535,47139.05,ISO638,646
United States,South America,2025,59.4,620289041,48040.54,ISO844,640
Russia,Europe,1950,59.53,1061950854,62395.08,ISO820,486
Australia,Africa,1982,62.42,878907520,40968.17,ISO149,328
United States,Europe,1998,80.18,1047485979,41242.75,ISO160,422
Mexico,Oceania,2025,76.23,1058703200,58299.54,ISO342,54
Canada,Oceania,1982,68.65,1099283859,40391.33,ISO368,30
Egypt,Africa,1960,79.84,127383988,49070.8,ISO239,680
United Kingdom,North America,1966,70.53,1245249587,71924.15,ISO256,984
China,Oceania,1976,76.85,450933304,32714.63,ISO696,915
Brazil,Africa,2019,65.37,363888414,31424.88,ISO695,991
Saudi Arabia,Oceania,2003,63.63,116328261,1280.37,ISO375,796
Nigeria,South America,1982,72.58,1129816300,49460.67,ISO130,548
Brazil,Oceania,2019,40.89,326344134,3351.98,ISO107,65
Egypt,Asia,2014,71.07,455864247,40827.73,ISO891,660
France,Africa,1966,82.05,1384765052,64534.47,ISO814,174
Spain,Europe,1998,72.13,512788387,44443.76,ISO132,289
Germany,Africa,2003,41.66,1197801856,22301.26,ISO909,812
Brazil,North America,1992,57.0,514622661,63107.31,ISO754,120
France,Oceania,1992,76.43,163174244,22307.64,ISO551,7
Mexico,Africa,1992,83.14,1249402098,58909.51,ISO548,69
France,South America,2008,56.66,1023726499,49210.42,ISO961,63
Germany,Africa,1998,77.85,216882668,14429.71,ISO136,908
Nigeria,South America,1976,78.87,63829118,72505.58,ISO758,505
Indonesia,Oceania,1955,45.55,1272582748,16850.85,ISO839,802
Italy,Europe,1955,78.06,1236861868,79177.38,ISO133,860
United States,Oceania,2003,54.59,664882335,1577.53,ISO554,232
Russia,North America,1966,66.7,180799330,21815.19,ISO543,103
Saudi Arabia,Asia,1992,64.25,206093036,16788.96,ISO336,122
Indonesia,Europe,1960,69.84,169071775,2105.48,ISO311,72
Spain,Europe,1976,73.32,1239417018,58857.06,ISO920,667
Indonesia,Asia,1955,59.84,616461721,55780.64,ISO239,795
France,Africa,2025,79.97,110725250,63595.73,ISO801,224
Italy,Oceania,1950,76.43,580160720,21279.19,ISO707,944
Japan,Africa,2008,75.34,1101854748,36102.48,ISO805,226
Indonesia,Africa,1971,60.62,135860352,53069.97,ISO460,680
Germany,Oceania,1987,41.69,742485907,35741.71,ISO403,957
Italy,North America,1998,62.15,284445688,56088.74,ISO395,507
Egypt,Europe,1998,80.43,1084269736,51083.9,ISO251,214
Canada,South America,1955,48.57,878424865,10057.18,ISO322,794
China,Asia,1998,84.22,1041334875,62702.41,ISO295,934
Canada,Europe,1992,76.35,808629794,57933.43,ISO699,578
India,Africa,2008,71.94,1176953423,52810.92,ISO398,889
Argentina,Asia,1987,70.47,384705420,13252.39,ISO628,885
Nigeria,South America,1960,66.42,480867362,22171.72,ISO587,265
Russia,Europe,1950,72.43,611344745,32060.99,ISO310,521
Egypt,Europe,1966,58.99,1210963061,23114.44,ISO331,251
Spain,North America,1987,78.04,1115078495,18997.01,ISO969,744
Japan,Europe,1960,71.34,904211121,64623.26,ISO794,801
Japan,Europe,1998,74.71,199633509,51420.35,ISO773,260
Saudi Arabia,South America,2008,75.66,586306565,45672.3,ISO466,66
Saudi Arabia,South America,1955,44.14,1021153713,18850.26,ISO580,395
China,Asia,1982,42.5,106212645,73528.05,ISO681,543
Italy,Africa,1966,76.04,770347749,16103.46,ISO671,860
Indonesia,South America,1976,51.67,1169184173,63801.12,ISO278,420
Saudi Arabia,Asia,1971,66.19,217539380,77367.14,ISO583,56
France,Europe,1955,59.97,744392588,58440.33,ISO688,767
Indonesia,Asia,1998,40.99,498378222,79435.84,ISO594,41
Russia,Asia,1955,41.81,600149963,52433.04,ISO646,311
Australia,Asia,2019,77.22,1208843322,18179.37,ISO115,849
Canada,Oceania,1992,67.35,1373452768,17101.74,ISO565,654
Russia,Asia,2003,63.57,877469147,26640.58,ISO501,901
Australia,South America,1998,82.5,650325688,1563.27,ISO393,56
Russia,Oceania,1955,47.79,1333741841,54854.18,ISO270,609
Argentina,Africa,1987,51.61,362509273,22224.75,ISO131,609
Brazil,Asia,1987,74.05,1117170549,65399.48,ISO362,455
Italy,North America,1950,74.89,910119271,29374.64,ISO314,464
Nigeria,Europe,1950,58.22,347703939,38916.56,ISO657,778
China,Europe,2014,82.79,163224241,77289.42,ISO288,489
Argentina,Oceania,1966,82.22,256740123,20131.6,ISO885,838
South Africa,Europe,1955,40.56,239402265,57979.07,ISO682,140
Argentina,Europe,2008,47.75,931425580,60654.31,ISO907,977
United Kingdom,Oceania,2025,76.91,1252302318,18458.85,ISO699,375
Saudi Arabia,Europe,1950,55.08,318087017,40578.75,ISO945,962
Nigeria,Asia,1992,44.3,817808865,28665.95,ISO360,259
Saudi Arabia,Africa,2014,75.32,1140482205,61980.59,ISO281,398
Mexico,Oceania,1960,60.46,952291132,50176.18,ISO604,40
Indonesia,North America,2019,62.16,720614356,38602.66,ISO441,657
Spain,Oceania,2019,48.39,1153007595,62569.7,ISO121,150
Saudi Arabia,South America,2019,69.74,193729302,19577.29,ISO173,11
Saudi Arabia,North America,1950,64.81,1138004512,60536.13,ISO701,254
Spain,South America,1955,49.3,1335841089,69364.57,ISO946,650
Argentina,Oceania,1987,55.31,430257455,70411.11,ISO265,574
Japan,South America,1971,66.86,941073786,62910.21,ISO333,638
South Africa,North America,2003,81.62,1022039829,33233.12,ISO474,450
China,Asia,1982,81.42,362716239,78562.83,ISO532,266
United Kingdom,Oceania,1976,52.96,23387603,30987.9,ISO740,635
Russia,Oceania,2014,73.1,148610309,51451.41,ISO433,442
United States,Europe,1950,74.9,50457132,13724.86,ISO903,262
Nigeria,Oceania,1976,76.4,863136854,78455.46,ISO706,326
Mexico,Oceania,2003,65.68,1259905927,56614.89,ISO639,533
South Africa,Asia,1982,40.47,1387554532,60516.83,ISO965,304
United States,Europe,1966,74.28,284213973,6196.36,ISO134,868
Germany,Africa,1987,44.8,763871301,61310.01,ISO543,488
Indonesia,South America,1987,45.26,495125045,62203.15,ISO330,95
Brazil,North America,1982,67.25,684619359,54070.05,ISO417,167
Mexico,Africa,2003,84.26,677334373,24060.86,ISO442,659
Nigeria,Europe,2025,50.91,1032846806,39685.51,ISO529,338
Saudi Arabia,Asia,1955,69.06,618360560,9724.32,ISO975,928
United States,North America,1976,53.66,1053578876,38255.38,ISO736,318
Egypt,South America,1976,80.44,110475404,20262.08,ISO565,917
Germany,Oceania,2008,66.71,289465311,28578.66,ISO178,948
Spain,Oceania,2025,49.34,1313246357,13845.43,ISO992,241
Egypt,Africa,2008,51.8,949320262,19174.3,ISO672,689
United States,South America,1982,59.46,1374082517,7048.92,ISO548,86
South Africa,Europe,1976,45.49,927613588,73672.21,ISO828,672
Nigeria,South America,1955,43.54,1049771333,42902.44,ISO381,969
Nigeria,Asia,1987,70.6,94582268,32342.62,ISO774,112
Brazil,Africa,2025,58.32,138360781,43267.31,ISO156,181
India,Africa,1966,72.68,89475535,50635.17,ISO290,253
China,Asia,1992,44.95,467056962,73828.42,ISO743,768
Mexico,South America,1987,67.44,317581256,15116.74,ISO562,570
Mexico,Asia,2019,59.95,53374868,24348.65,ISO141,670
China,North America,1960,42.61,1387175069,78087.36,ISO585,906
Nigeria,Asia,1960,64.52,308873245,30324.25,ISO272,94
Spain,South America,1987,43.73,459197417,2782.37,ISO778,342
South Africa,Asia,1955,77.25,33604895,12663.84,ISO349,641
India,Europe,1992,68.44,564350294,3080.76,ISO609,852
France,Oceania,1966,65.06,313117762,79203.93,ISO601,172
Argentina,Asia,2025,46.01,294549184,23030.8,ISO292,142
United Kingdom,Oceania,1976,52.94,933810562,73959.88,ISO889,520
Saudi Arabia,Asia,1960,62.18,1053611300,79675.02,ISO849,581
Nigeria,South America,1960,68.5,1080084870,48387.46,ISO841,626
Japan,North America,1960,48.25,19904752,3622.51,ISO264,187
Nigeria,North America,2003,40.4,2418038,7445.74,ISO854,783
Italy,Oceania,2014,55.51,970310083,39045.54,ISO189,173
France,South America,1998,61.73,968874625,33087.59,ISO790,365
United Kingdom,South America,2008,48.3,126815501,48888.01,ISO157,247
Egypt,South America,2019,62.15,132095652,35668.98,ISO362,846
Egypt,Europe,2019,55.23,922708574,74792.07,ISO747,141
Brazil,Africa,2019,60.48,954762676,43244.44,ISO849,31
Germany,Asia,2008,55.64,837956350,55804.36,ISO918,522
Brazil,South America,1955,68.28,349254622,71822.34,ISO342,401
Russia,South America,1987,41.93,263584110,12602.88,ISO762,336
France,South America,1992,47.69,1270357290,19149.04,ISO957,968
South Africa,North America,2025,59.47,95697237,9478.17,ISO975,320
Canada,South America,1987,56.03,1394737417,12031.43,ISO858,566
Russia,Asia,2025,57.62,192813344,41494.13,ISO318,429
Australia,South America,1998,76.17,466210962,26373.16,ISO108,139
Australia,Asia,1960,79.88,746749592,34430.65,ISO529,693
Mexico,Europe,1982,51.19,1253729206,78616.7,ISO905,644
Indonesia,Africa,2003,77.64,893863021,13379.64,ISO978,712
Canada,North America,1998,60.65,193327007,43724.15,ISO112,270
Saudi Arabia,Asia,1955,52.32,1013275096,8810.82,ISO874,110
Nigeria,Oceania,1966,84.35,1255212944,26161.21,ISO324,563
South Africa,Europe,2008,77.12,525348941,42674.55,ISO842,141
South Africa,Africa,2014,84.74,161769100,75783.91,ISO789,914
Saudi Arabia,Africa,2019,47.57,1375033125,31907.03,ISO858,618
United Kingdom,Africa,2014,46.47,456428673,6127.63,ISO166,50
Japan,Asia,1976,62.65,844427871,31664.75,ISO908,992
Saudi Arabia,Europe,2003,68.74,475349625,12513.55,ISO768,668
South Africa,South America,1971,47.7,307046055,19169.18,ISO776,371
Indonesia,Oceania,2014,78.72,33861829,49829.16,ISO602,9
Italy,Europe,1992,63.94,1328224536,6326.49,ISO283,526
Spain,Europe,1998,58.49,657735298,37713.18,ISO307,532
China,Europe,1966,67.09,23915025,49147.47,ISO627,658
Saudi Arabia,Asia,1971,68.57,686918897,34326.81,ISO399,275
South Africa,Oceania,1966,41.93,871585717,2510.98,ISO917,827
Spain,Asia,2019,85.0,656095542,78856.03,ISO340,69
Mexico,Oceania,2014,56.38,1056493925,30002.15,ISO554,423
Egypt,Oceania,2019,42.77,703089450,62507.6,ISO841,342
Argentina,Asia,1987,78.35,1089641666,26726.07,ISO629,937
Saudi Arabia,Oceania,2014,84.69,1099361967,38526.32,ISO758,501
United States,Europe,1987,76.74,1063471063,31688.63,ISO343,472
United Kingdom,Asia,2025,78.33,903738158,28060.6,ISO662,334
India,Oceania,1960,68.17,291031343,2726.26,ISO870,771
Germany,Africa,1950,81.5,1076083739,29441.65,ISO337,642
United States,Asia,1976,41.61,1158347631,71269.71,ISO345,134
Nigeria,North America,1955,74.5,207300464,55541.07,ISO444,997
Brazil,Asia,1955,70.18,1385878369,12488.41,ISO583,533
Egypt,Asia,1960,42.23,1331909062,47701.25,ISO409,722
United States,Asia,1987,64.48,363795589,71486.24,ISO660,604
Canada,Oceania,1960,63.18,1330959281,56302.69,ISO383,441
Canada,Asia,1982,71.12,132681510,12746.07,ISO137,246
Japan,North America,1998,43.49,471719265,69558.77,ISO895,466
China,South America,2019,76.24,645328242,24821.98,ISO131,353
Germany,Asia,1998,46.27,267350940,36872.02,ISO342,20
Spain,Africa,1992,58.84,153340734,42565.28,ISO652,469
United Kingdom,North America,2014,79.66,678147075,68190.02,ISO391,738
Brazil,South America,1987,65.22,1015922308,74596.99,ISO714,885
Mexico,Oceania,1950,57.08,160912806,74442.58,ISO391,366
United Kingdom,Asia,1982,42.17,599455431,1628.38,ISO718,213
Indonesia,South America,1982,70.25,1115492558,73829.19,ISO857,614
France,Africa,1987,84.39,840464786,5296.57,ISO481,528
Australia,North America,1998,81.03,652574970,21996.12,ISO698,834
Saudi Arabia,North America,1971,72.28,1098376266,41684.04,ISO677,785
Australia,Oceania,1998,44.74,288550099,38914.13,ISO237,702
Argentina,Oceania,1992,50.77,983518710,48772.07,ISO937,423
China,Oceania,1992,48.41,1136730467,38876.25,ISO299,789
United States,South America,1987,56.0,1107314125,74815.68,ISO434,136
Australia,Asia,1976,50.6,1276965881,20003.36,ISO704,17
Saudi Arabia,Europe,1976,51.0,111088229,22647.95,ISO546,796
United States,North America,1950,67.75,536751887,73738.3,ISO447,47
Italy,Europe,2014,54.34,1107070016,7062.42,ISO377,380
Australia,North America,2025,70.47,220815271,49155.3,ISO631,298
Australia,Oceania,1976,82.66,967396928,54857.14,ISO900,399
Egypt,Asia,2019,68.73,1125478706,40937.8,ISO498,107
Australia,Asia,1966,73.82,101168660,55844.32,ISO490,448
Nigeria,North America,1966,73.82,750710139,14647.62,ISO701,65
India,South America,2019,54.88,106075083,68357.95,ISO661,568
Russia,Oceania,1955,40.67,1377534363,12062.03,ISO109,824
United Kingdom,Asia,2014,42.48,549823584,32664.18,ISO690,415
United Kingdom,Asia,2003,52.69,522592041,6945.35,ISO648,934
Indonesia,Africa,2019,71.03,1210183785,44071.68,ISO158,633
China,Asia,1966,80.8,230246012,53909.92,ISO187,324
Brazil,Africa,1971,83.15,255902824,75356.51,ISO558,134
China,Asia,2014,41.16,810653688,59407.56,ISO203,814
Saudi Arabia,Asia,2008,84.55,553502401,43747.13,ISO930,821
Mexico,South America,1971,54.51,318779810,74676.74,ISO888,202
Nigeria,South America,1971,77.93,874121989,38796.51,ISO203,908
Russia,Oceania,1966,48.11,1103707486,45335.25,ISO353,39
Egypt,Asia,1950,42.83,400001238,48091.78,ISO841,794
China,Oceania,2019,57.03,478812427,33388.4,ISO434,219
Australia,Oceania,1998,78.65,272303349,67240.13,ISO562,589
Saudi Arabia,Oceania,1987,49.94,1395662770,15628.9,ISO648,309
Germany,Oceania,1960,46.93,1150984667,44832.53,ISO400,570
United Kingdom,North America,1955,80.94,932720910,58056.43,ISO753,896
Argentina,North America,1992,82.23,309803730,72414.12,ISO654,15
Australia,Asia,1982,40.56,365730059,70829.55,ISO727,86
Nigeria,North America,1992,72.73,519449199,41190.48,ISO440,35
Argentina,Asia,2014,53.91,757202170,51809.75,ISO591,411
Brazil,South America,1955,56.86,227209663,32144.78,ISO183,89
Indonesia,Europe,1992,61.11,1138767738,37986.04,ISO358,966
Egypt,Africa,1998,59.21,611460023,72595.0,ISO459,747
Brazil,North America,1992,63.17,329106789,74525.62,ISO186,414
Indonesia,North America,2003,66.21,1197012394,71737.71,ISO527,960
Brazil,South America,1992,60.95,300858729,11931.3,ISO466,790
Germany,North America,1998,71.57,244506056,68156.64,ISO442,716
France,Asia,2014,72.34,537917387,75920.73,ISO446,566
South Africa,Asia,1998,59.82,1065617481,29538.73,ISO902,835
Canada,Europe,1966,46.41,619562746,41973.06,ISO195,259
Brazil,Europe,1998,68.83,1046591021,62548.53,ISO354,244
Russia,Europe,1960,74.78,1103860879,45404.17,ISO953,720
Germany,Asia,1976,68.71,1241978622,79485.2,ISO235,901
Russia,Oceania,1960,66.46,617768996,37001.36,ISO347,935
Nigeria,Oceania,2003,50.32,310163292,57401.47,ISO598,992
Canada,Europe,1992,69.03,900916165,63614.7,ISO983,899
France,Europe,1960,55.07,625877108,40033.93,ISO585,910
Italy,Asia,1955,81.38,483766801,68701.72,ISO501,997
Brazil,South America,1987,69.42,1209340009,44146.21,ISO703,711
France,North America,1976,52.52,1365845614,33520.41,ISO511,455
Japan,Africa,1987,61.28,410394334,9518.07,ISO547,759
Canada,Oceania,2025,78.1,817607927,32079.67,ISO346,835
Italy,Oceania,2014,55.1,179959093,58980.98,ISO869,4
Nigeria,Asia,1982,63.64,867449562,73781.63,ISO798,604
Italy,Asia,1960,70.59,1236895066,20882.67,ISO520,285
Russia,Africa,1987,73.95,654997629,29063.61,ISO223,654
Nigeria,Africa,1998,47.83,120718786,13162.92,ISO359,602
Japan,Europe,1950,65.43,405815974,55567.11,ISO268,517
Germany,Africa,1950,81.05,625782123,76854.89,ISO976,982
Nigeria,North America,2014,83.58,296432284,51635.23,ISO210,864
Argentina,North America,2014,69.53,193295886,49749.05,ISO389,683
United Kingdom,Oceania,1998,84.26,501571421,44725.7,ISO698,122
Nigeria,North America,2014,65.68,182118375,7988.0,ISO112,903
Australia,North America,1987,59.92,301593270,58630.8,ISO362,508
Italy,North America,2014,64.82,75303472,48561.91,ISO899,83
United Kingdom,Europe,1992,45.21,724333056,53256.66,ISO122,626
Australia,Oceania,1998,58.08,1197300316,72006.08,ISO299,680
United States,Asia,1976,60.63,704146996,62932.9,ISO341,897
United States,Oceania,1971,78.19,1283812703,62692.3,ISO338,960
Saudi Arabia,Oceania,1955,74.14,1196142281,74247.52,ISO402,222
Australia,Oceania,2003,67.06,200496154,79204.86,ISO264,520
Egypt,Africa,1992,55.63,964713586,46921.34,ISO837,914
Saudi Arabia,Asia,1976,48.42,681930695,9601.65,ISO275,730
Italy,Africa,1987,55.65,863159282,37271.26,ISO128,710
Japan,Europe,1992,70.59,260794153,63220.49,ISO776,469
United Kingdom,Europe,1992,51.84,988521078,3190.3,ISO634,797
Egypt,South America,1987,59.21,263480802,5494.11,ISO393,521
United Kingdom,South America,2008,57.4,668822831,6305.46,ISO576,894
Mexico,Europe,1998,74.45,1398644376,58751.82,ISO482,815
Italy,Europe,1987,79.77,1072385040,40592.16,ISO655,505
Saudi Arabia,Africa,1960,71.47,1276935830,30142.94,ISO872,61
Brazil,Europe,2014,55.37,1360762840,9343.75,ISO791,340
Egypt,Asia,1960,59.49,1006290735,58846.98,ISO395,513
Argentina,Africa,1955,46.45,1333100152,26360.57,ISO750,817
United States,Europe,1950,47.56,772169392,21960.6,ISO433,617
China,Africa,1966,47.39,61500702,52533.22,ISO347,429
Brazil,Africa,1955,45.88,1015350917,45161.86,ISO340,563
India,North America,2019,48.08,974442739,29630.44,ISO205,373
Italy,South America,2019,49.12,29826807,51677.51,ISO997,414
India,Africa,1955,45.03,885473534,22426.5,ISO784,791
Germany,Oceania,2014,68.81,121860611,63791.59,ISO660,969
Japan,Africa,2003,84.57,228947239,19116.2,ISO222,886
Nigeria,Oceania,2003,79.56,159105832,13548.18,ISO134,678
South Africa,North America,1971,42.05,936964928,62812.71,ISO717,847
India,Europe,1966,59.04,890837657,56923.47,ISO939,435
Japan,Africa,1950,78.67,684007734,15428.48,ISO515,966
Nigeria,North America,2025,46.06,1059162569,10183.41,ISO807,199
Mexico,Asia,2025,78.14,653459670,67233.53,ISO720,380
South Africa,North America,1992,66.67,1249028272,62351.28,ISO736,951
South Africa,South America,2019,81.91,245610716,26853.33,ISO426,368
Mexico,South America,1966,79.42,884493229,52997.6,ISO394,839
Indonesia,Europe,1971,70.47,480305562,10808.65,ISO531,647
South Africa,Oceania,1982,69.6,799070058,41056.77,ISO446,938
Egypt,Europe,1955,49.59,1315944158,2479.69,ISO136,408
South Africa,Oceania,1987,45.25,606125094,31936.55,ISO799,495
Germany,Oceania,2003,58.69,639178121,6912.58,ISO611,69
United Kingdom,Oceania,1955,48.4,483774541,38536.63,ISO948,915
Egypt,Oceania,2003,44.61,827399120,34312.85,ISO634,394
France,South America,1998,53.6,53036558,36106.42,ISO872,86
China,South America,1971,78.72,572666783,4581.17,ISO805,484
Japan,Africa,2014,40.77,447720805,29567.69,ISO977,780
France,South America,2008,53.17,1226331263,60762.22,ISO763,232
South Africa,Europe,1955,59.08,847715656,30144.24,ISO117,788
Russia,South America,1955,62.98,679353528,57498.58,ISO126,734
India,Europe,1966,48.17,153547850,30188.82,ISO635,228
Italy,Asia,1966,83.39,673511889,34435.92,ISO128,116
Canada,South America,2014,66.05,249480402,45547.48,ISO750,655
India,Europe,1987,63.49,801193717,76103.87,ISO757,188
Saudi Arabia,Oceania,2014,40.4,283299217,9599.98,ISO734,515
Mexico,North America,1976,61.86,1278810769,3600.19,ISO739,176
India,Oceania,1998,77.7,884421707,49028.62,ISO979,891
Russia,Africa,1987,49.88,363950659,75978.67,ISO216,526
Saudi Arabia,Europe,2014,55.8,653691950,79188.13,ISO231,912
Spain,Oceania,1982,40.93,1298900594,39248.98,ISO388,674
United Kingdom,South America,2014,83.96,242677572,37978.45,ISO817,208
Brazil,South America,1998,43.0,289558213,51952.14,ISO335,745
India,Asia,1966,80.42,1086371990,44895.15,ISO141,541
Canada,North America,1955,54.08,1194577833,51092.96,ISO259,322
Russia,Europe,2025,66.44,850779255,70045.95,ISO863,162
China,Oceania,1992,70.57,232808216,59958.19,ISO790,281
Argentina,North America,1955,46.34,181568941,40253.31,ISO224,905
Japan,Asia,1950,59.97,634259075,37487.29,ISO359,151
Argentina,Africa,1987,54.65,437669427,51528.54,ISO375,984
Germany,North America,1998,42.55,467312031,37000.8,ISO312,781
Italy,Asia,2025,77.49,694190187,37164.57,ISO572,86
Russia,Europe,1992,42.03,57335705,2288.17,ISO935,422
Italy,Africa,1950,69.4,1381025994,14751.07,ISO801,541
Saudi Arabia,South America,1982,54.13,587926858,39592.58,ISO669,586
Saudi Arabia,Asia,1955,48.65,985927212,65989.62,ISO530,552
Germany,South America,1976,70.02,1295688985,23019.43,ISO814,395
China,Africa,2014,65.85,643445255,42288.83,ISO179,136
Argentina,Asia,2003,54.19,167216063,28252.0,ISO327,943
Brazil,Asia,1971,63.08,217307452,9279.52,ISO194,641
South Africa,Africa,1950,51.08,1290176852,76705.58,ISO523,630
Nigeria,Europe,1955,78.87,659589972,68519.24,ISO615,607
China,Asia,1955,54.12,1148548743,7200.9,ISO264,245
China,Africa,1998,51.03,935645093,57863.19,ISO525,454
Indonesia,North America,1998,73.83,1391409228,28458.81,ISO911,203
Italy,South America,1976,40.79,352587547,79593.13,ISO992,722
Egypt,Asia,2003,52.06,1212948037,24889.48,ISO141,120
China,North America,2008,56.89,899323182,19860.34,ISO896,222
Brazil,Asia,1950,79.7,324711958,45863.35,ISO840,308
Nigeria,Europe,2003,82.77,275094009,66974.97,ISO502,246
France,Africa,2014,72.24,1072523856,16208.99,ISO854,295
Japan,Asia,1966,62.16,677255304,57042.82,ISO823,979
Mexico,Africa,2008,68.83,777970251,5851.12,ISO515,797
South Africa,Oceania,1998,58.63,151630009,73595.84,ISO399,304
United States,Asia,2003,53.45,1253918773,7404.92,ISO154,832
Mexico,Europe,1971,82.78,1205437061,73224.28,ISO435,687
Italy,Europe,1955,45.19,605874952,39773.77,ISO980,391
Indonesia,North America,1955,55.59,800034419,36399.2,ISO529,591
France,Europe,2025,80.46,790263908,77891.26,ISO784,212
Mexico,Africa,1982,72.54,1152029876,79240.35,ISO888,317
Brazil,Oceania,1982,41.31,1342025538,52364.07,ISO433,620
Canada,Europe,1976,41.04,529948705,11042.42,ISO840,29
United States,Asia,1950,63.24,735492974,40987.44,ISO505,866
China,Europe,2008,61.79,626713727,42803.88,ISO129,82
Nigeria,Oceania,2014,59.93,256130154,41641.27,ISO634,997
Canada,Africa,2008,53.61,148122300,45989.86,ISO616,131
Argentina,Asia,1960,84.4,197607880,2479.25,ISO674,416
Mexico,North America,1992,52.24,1179025229,57186.96,ISO320,140
Japan,North America,1998,62.05,550487336,57279.15,ISO926,337
France,North America,1950,58.22,759786527,10122.11,ISO693,551
South Africa,Asia,1955,47.66,161444530,46048.92,ISO593,391
Indonesia,North America,1987,49.12,1181537312,45900.53,ISO853,574
Indonesia,Europe,1982,81.32,903419412,54913.58,ISO352,233
Italy,Asia,1992,78.62,171533888,7746.42,ISO663,424
United States,Asia,1998,48.96,242418219,50493.76,ISO420,127
Italy,Asia,2008,79.4,639613834,23179.4,ISO138,91
Nigeria,South America,2025,49.41,566802560,41053.24,ISO564,852
Egypt,Africa,2025,68.19,1137661434,62092.56,ISO870,144
Indonesia,South America,2025,43.66,360661514,56746.03,ISO938,919
Canada,South America,2008,79.62,1197209788,10393.34,ISO510,788
Russia,South America,1966,42.32,1161120710,47703.6,ISO511,54
Nigeria,Africa,1966,64.97,1154950529,77560.21,ISO591,990
Brazil,South America,1982,75.09,972876494,13384.79,ISO537,570
Indonesia,North America,1950,45.26,521665415,68379.66,ISO578,932
Spain,Asia,1998,58.2,253682867,56501.3,ISO882,408
Egypt,Asia,2008,41.89,759066990,62146.26,ISO171,340
Germany,Europe,1992,70.72,325681817,23274.71,ISO681,665
Germany,Oceania,1955,53.84,475000167,23743.23,ISO319,668
United States,North America,2025,65.17,1132815977,72575.54,ISO103,966
Italy,Africa,1950,81.97,1244174834,29426.73,ISO961,734
United States,Oceania,1982,53.76,992978530,5978.22,ISO389,734
Australia,Asia,1976,42.19,813968947,48447.14,ISO479,369
United States,South America,2008,70.4,401255528,10860.6,ISO903,911
United Kingdom,Europe,1960,75.41,195637947,63931.1,ISO454,914
Saudi Arabia,Europe,1950,83.1,436955768,51697.97,ISO842,983
India,Asia,2008,47.1,1052126565,70103.39,ISO179,857
Spain,North America,1971,57.65,472939463,63002.14,ISO165,261
Spain,Oceania,1998,77.99,170511881,9856.98,ISO235,391
United Kingdom,Europe,2019,76.31,626063742,31104.58,ISO498,48
India,Asia,1966,68.12,442120086,62190.26,ISO802,272
Brazil,North America,1971,52.12,563880131,33969.98,ISO446,314
United States,Asia,1950,52.78,531029743,77816.87,ISO947,675
Russia,Asia,1950,45.58,931558003,59123.5,ISO158,281
South Africa,North America,1971,81.48,22005861,2224.49,ISO877,860
South Africa,North America,1976,47.78,1309069718,70518.87,ISO618,478
Mexico,North America,1971,65.78,853895748,8963.58,ISO979,570
South Africa,Asia,1955,66.3,505472183,12101.37,ISO813,148
Spain,Europe,1992,56.63,322286000,59024.9,ISO943,969
Mexico,Africa,1971,55.86,1396377360,69332.52,ISO336,238
Russia,Africa,2003,70.09,772115224,43371.62,ISO879,694
Brazil,Asia,2003,57.47,74222143,23834.93,ISO178,723
Italy,Asia,1971,51.48,197394325,28753.93,ISO657,139
South Africa,Europe,1998,57.96,618552609,28088.26,ISO854,448
Nigeria,North America,1992,76.34,1041757465,26807.57,ISO899,356
Nigeria,Asia,1960,83.49,359982907,20189.86,ISO771,397
Australia,South America,1971,68.62,1386663489,49100.5,ISO214,997
Germany,North America,2025,75.19,1243021467,72132.02,ISO561,278
France,Asia,2014,63.98,653674049,25259.51,ISO725,387
India,South America,2008,68.12,164774022,15748.85,ISO225,913
South Africa,Oceania,1971,84.46,466274883,67247.64,ISO701,326
Indonesia,Europe,1955,59.73,943700016,59600.88,ISO672,186
Germany,South America,2003,42.98,1204730278,74536.13,ISO599,576
India,Asia,1966,83.07,922253957,14076.06,ISO928,443
China,Africa,2003,75.69,1252795144,12395.85,ISO201,66
Australia,Asia,2003,57.92,237589363,43772.92,ISO725,876
United States,Africa,1955,84.21,708693819,49540.26,ISO273,730
United Kingdom,Europe,1971,55.55,468324190,38933.7,ISO551,875
Germany,Europe,1998,56.75,887003709,48318.36,ISO191,654
Germany,North America,2014,67.44,597810019,15250.0,ISO794,946
Egypt,North America,2008,52.35,1007943364,38889.49,ISO484,649
China,Africa,1955,71.44,5383305,52989.31,ISO304,37
United Kingdom,Africa,1998,46.88,449229134,35183.81,ISO462,708
Germany,Europe,2025,44.86,258791672,54676.34,ISO806,870
Argentina,South America,2019,64.07,1301402684,36644.11,ISO916,988
Indonesia,Africa,1992,65.0,707579808,27354.37,ISO597,835
Russia,Africa,1998,44.8,861540932,24984.8,ISO636,480
Argentina,South America,1976,83.39,1223916388,33461.26,ISO333,90
China,North America,1987,65.8,183837607,2824.08,ISO115,213
France,North America,1992,46.8,730635854,53813.49,ISO240,465
South Africa,Africa,2025,54.01,742170448,67763.35,ISO719,84
Nigeria,North America,2014,76.01,819219772,29015.54,ISO519,325
Japan,North America,1987,63.55,1364509292,4636.62,ISO555,418
France,Oceania,1971,48.47,198225150,78955.27,ISO399,854
Spain,North America,1971,44.63,422773945,21832.16,ISO438,995
Egypt,Europe,1976,59.38,417148649,11003.07,ISO402,193
Australia,Asia,2019,55.18,999427344,30210.45,ISO991,953
South Africa,Africa,1950,69.52,1014186500,59346.01,ISO691,863
Italy,Africa,2014,81.64,222799824,24219.41,ISO175,236
Saudi Arabia,Europe,2003,51.15,830251267,46401.55,ISO887,395
Nigeria,Asia,1987,78.49,62540230,33829.24,ISO879,941
Spain,Asia,1955,81.42,1017005464,10303.36,ISO723,172
Italy,Europe,1976,80.59,1395349924,27092.67,ISO415,446
Russia,South America,2019,82.84,376595559,58264.77,ISO599,766
Australia,South America,2019,77.89,1371283687,49348.31,ISO174,171
Italy,Asia,1992,66.71,87970410,10462.49,ISO825,234
Saudi Arabia,South America,2014,58.44,1069739400,13902.47,ISO465,153
Mexico,South America,1960,62.13,942833938,51617.94,ISO645,667
Brazil,South America,1955,79.27,1352012530,65259.82,ISO752,553
Argentina,Asia,1998,53.56,573635670,28608.49,ISO777,389
Brazil,South America,1971,47.17,1232782494,48029.55,ISO495,384
Spain,Africa,2003,46.34,810706143,14480.84,ISO330,812
Italy,Oceania,1992,77.21,681432542,25598.73,ISO903,278
Indonesia,Asia,1976,74.27,427491920,2601.35,ISO127,620
South Africa,Europe,2019,62.39,444642991,61693.8,ISO574,901
United States,South America,1987,52.37,804624550,32679.78,ISO394,863
United Kingdom,North America,1987,70.49,1213014165,65473.92,ISO944,867
Canada,Asia,1982,41.73,278386431,56961.47,ISO526,65
Germany,Europe,1971,65.57,345590772,66470.8,ISO971,470
Indonesia,Oceania,1955,57.93,274602738,23567.03,ISO190,531
Argentina,Africa,2019,84.0,782673063,15623.59,ISO214,865
Nigeria,Europe,2025,62.84,1398217913,77780.55,ISO258,153
Spain,South America,1998,64.85,1008833399,57668.9,ISO357,145
Italy,North America,1998,72.06,287985951,66889.34,ISO472,119
Italy,South America,1971,61.8,555000908,2037.54,ISO949,827
India,Europe,2008,50.11,1167671166,29002.47,ISO189,68
South Africa,Asia,1982,64.18,1245887269,59682.52,ISO856,432
United Kingdom,North America,2008,82.49,1042337445,7160.64,ISO397,313
Indonesia,North America,2008,58.45,738166785,45819.85,ISO130,709
United Kingdom,Europe,1982,70.58,356330425,34896.75,ISO928,857
United Kingdom,Oceania,2003,84.01,911357367,2391.7,ISO457,433
Egypt,Oceania,2014,77.35,101382596,19642.07,ISO923,164
Australia,South America,2025,69.66,138587914,23498.57,ISO569,978
Spain,Europe,1955,73.12,759294487,9836.94,ISO839,309
France,North America,1982,82.14,223089677,50891.42,ISO950,364
Italy,Europe,1976,83.19,580799404,20149.43,ISO227,281
Indonesia,North America,1982,83.6,500302109,22931.94,ISO881,299
Nigeria,South America,2003,68.15,1253640871,71960.85,ISO369,554
France,Asia,1987,57.31,1253123051,37902.72,ISO597,876
Brazil,Asia,1966,45.99,925966882,31978.12,ISO512,172
Japan,Europe,1950,57.35,1324323860,58185.81,ISO308,462
Canada,North America,1987,82.43,842253878,72859.49,ISO789,583
Canada,Asia,1987,80.04,372016549,2977.87,ISO405,10
Nigeria,North America,1960,63.56,777575745,36410.87,ISO290,600
Italy,South America,1960,64.17,572181735,49251.73,ISO456,714
Spain,Europe,1971,53.9,631393636,26166.48,ISO556,135
France,North America,2019,60.45,1305404853,62020.21,ISO548,591
South Africa,Europe,1960,72.15,527523873,77746.69,ISO167,765
Spain,North America,2025,58.11,1269412746,75530.76,ISO938,350
Brazil,Oceania,2019,48.46,154651107,22012.62,ISO878,958
Russia,Oceania,1971,64.34,892363914,18880.72,ISO881,724
Canada,North America,2025,50.14,75277064,76641.75,ISO973,599
India,South America,1987,83.84,583160837,37231.65,ISO566,738
Germany,Europe,1950,57.57,1376944183,17455.52,ISO459,256
Italy,Africa,1955,80.93,1362849889,56852.76,ISO486,413
Brazil,North America,1955,50.15,841885049,23469.21,ISO227,546
Australia,North America,2008,48.51,1014588078,22112.51,ISO875,358
Russia,Oceania,1966,67.76,1345544676,70460.67,ISO832,716
Saudi Arabia,Asia,1992,75.07,1162497439,13835.85,ISO853,968
Italy,Oceania,1955,65.5,993551819,6087.04,ISO584,567
Saudi Arabia,Europe,2008,50.34,1111759148,22265.73,ISO343,371
Egypt,Oceania,2019,41.71,1399633680,48948.69,ISO118,587
Mexico,Africa,2003,67.82,418820291,10723.94,ISO495,514
Russia,South America,2014,45.9,1015673001,38255.98,ISO766,536
India,Africa,2025,55.44,1090255456,50559.63,ISO328,531
Saudi Arabia,South America,2008,70.41,701180335,68050.22,ISO467,950
Indonesia,Africa,1992,44.41,12378794,19159.7,ISO157,531
Russia,Oceania,1982,45.73,747097928,65570.36,ISO380,405
Germany,Africa,1998,42.77,671603489,19557.59,ISO656,178
Spain,Oceania,1987,84.82,1346718758,54464.56,ISO201,827
South Africa,Oceania,1950,57.42,866520861,35023.21,ISO147,927
Egypt,Europe,2014,80.76,563701681,10059.82,ISO661,853
Saudi Arabia,Oceania,1971,53.21,1753830,57426.81,ISO692,81
China,Asia,1992,73.89,699388008,18203.25,ISO911,443
Mexico,Africa,2008,49.86,578587499,14953.25,ISO158,755
Argentina,North America,1966,62.42,392108642,29307.51,ISO260,552
Argentina,North America,1955,77.11,957463510,52609.93,ISO202,235
Spain,North America,1976,76.74,1261692981,19485.72,ISO945,403
Saudi Arabia,Asia,1955,75.74,485946233,15509.26,ISO511,216
Canada,Oceania,1960,77.07,642446703,1786.34,ISO885,196
United States,Africa,2019,49.52,783545638,38259.8,ISO282,575
Argentina,South America,1987,61.7,1274848376,34863.0,ISO516,704
Saudi Arabia,South America,2025,61.82,553694998,19475.55,ISO215,270
Germany,Europe,1960,80.07,156412541,5238.52,ISO973,129
Canada,Asia,1955,53.36,1345364370,34911.21,ISO498,718
Mexico,Africa,1976,81.92,1047516080,63268.2,ISO878,837
Canada,Oceania,2019,60.29,24819631,57507.29,ISO775,385
Nigeria,North America,1960,70.14,833003645,69002.8,ISO754,547
Germany,Asia,1950,52.1,645853853,1757.03,ISO536,505
Italy,Asia,2008,58.46,10854420,77347.13,ISO417,406
United Kingdom,Africa,2019,71.94,1383906839,27971.57,ISO915,827
Argentina,Oceania,2025,63.07,177520217,79241.43,ISO705,264
India,Europe,2025,81.88,984709106,20956.94,ISO349,390
Japan,Oceania,2019,73.17,1042168433,38251.37,ISO546,415
Mexico,Europe,1960,65.4,56054334,28960.29,ISO596,349
United States,Europe,1976,79.9,406867378,29105.1,ISO442,986
Nigeria,North America,1960,69.95,1275246553,67540.29,ISO526,97
Italy,North America,1992,69.13,825675706,59967.1,ISO917,331
Russia,Africa,1982,51.09,1236111235,79379.96,ISO927,103
Australia,Oceania,2019,57.77,1174647688,49467.66,ISO339,800
Saudi Arabia,Europe,1971,70.75,1008302422,37597.27,ISO158,464
United States,Africa,1955,80.13,1219578245,8115.84,ISO626,318
Germany,Europe,2025,54.2,849603702,79728.35,ISO896,28
United States,Asia,1992,49.7,28866083,44570.92,ISO302,921
Russia,South America,1971,66.72,889389741,56337.72,ISO848,497
France,South America,1982,43.02,876114644,33132.65,ISO565,356
Nigeria,Europe,1992,72.15,99397960,44269.54,ISO395,872
Mexico,Africa,1966,71.64,803881185,75463.64,ISO386,120
Germany,North America,1992,55.97,1265394938,14147.14,ISO172,202
Australia,Oceania,1950,80.17,589168184,24097.43,ISO825,282
Indonesia,Europe,2008,62.6,250075097,13012.72,ISO622,585
Germany,Europe,1976,69.06,1059536576,63585.06,ISO436,850
Germany,Oceania,1955,49.43,439215044,5901.58,ISO836,82
Argentina,North America,1987,58.78,631759848,7448.9,ISO417,427
Australia,Europe,1971,78.81,435489790,24581.03,ISO302,357
Italy,Asia,2025,49.58,1298839171,41620.87,ISO330,529
France,North America,1960,57.58,1139894799,33095.71,ISO662,544
Argentina,Asia,1955,54.31,185737332,4540.49,ISO156,659
Japan,South America,1987,46.8,718702647,76641.83,ISO743,480
Japan,Oceania,1982,53.04,7123477,76276.69,ISO519,858
India,North America,1992,50.47,50383402,23069.15,ISO379,13
Canada,North America,1987,81.56,996453248,58790.52,ISO908,562
Russia,Africa,2003,73.35,521268494,46707.46,ISO404,506
Nigeria,Africa,1966,54.22,1082116479,19760.66,ISO565,263
Canada,Oceania,1955,74.35,1061747843,21711.55,ISO836,527
Argentina,North America,2019,41.0,1352868862,39801.1,ISO273,813
Nigeria,South America,2014,63.69,96732560,34119.72,ISO903,741
South Africa,Europe,1955,51.27,1074051564,24007.12,ISO365,775
Italy,Oceania,1955,45.14,69875827,64793.42,ISO346,599
Brazil,Oceania,2019,79.77,762980531,39035.57,ISO177,863
South Africa,Africa,2003,48.97,269216188,52733.0,ISO746,863
Mexico,South America,2008,77.01,58789897,15952.61,ISO751,9
Indonesia,Oceania,1976,58.6,532548030,43147.11,ISO953,913
Russia,South America,1982,40.64,344774849,26120.11,ISO352,762
Spain,Oceania,2008,72.96,712525040,42586.68,ISO574,38
Japan,Africa,1976,66.84,1098360149,62685.24,ISO275,178
Italy,Europe,1955,55.49,29341215,61744.14,ISO520,445
Mexico,Africa,1966,52.67,41828828,28983.43,ISO671,580
Spain,Oceania,1960,43.32,66521303,55847.89,ISO560,150
South Africa,South America,2003,82.36,1336746909,75361.91,ISO963,572
Japan,Asia,2014,62.23,250097683,50427.88,ISO353,196
Spain,Africa,1966,43.85,359756678,12724.4,ISO619,16
Mexico,South America,1971,79.09,1159128745,54696.98,ISO206,907
United States,Africa,1982,52.55,420451134,9287.45,ISO270,533
Italy,Oceania,2019,49.16,1260755877,69896.72,ISO157,249
United States,South America,1992,52.64,1397257211,41816.18,ISO436,678
Japan,Europe,2025,65.41,1119785648,31426.12,ISO441,858
Saudi Arabia,South America,2003,43.33,144012893,5503.52,ISO389,117
Indonesia,North America,1955,61.68,1074211217,31081.92,ISO183,797
Saudi Arabia,Asia,1987,80.31,73298541,72353.33,ISO216,236
Nigeria,Oceania,1960,48.47,664668064,2657.66,ISO811,681
Indonesia,South America,1992,54.9,1093465889,38497.2,ISO633,983
Egypt,Oceania,1998,57.83,771923554,74561.49,ISO318,325
Germany,Africa,2008,66.38,244589683,32192.44,ISO837,541
Canada,Africa,1966,81.37,15801056,34825.88,ISO882,129
Japan,South America,2025,57.75,379355668,46706.24,ISO201,316
Egypt,North America,1960,43.11,1101778311,37572.05,ISO756,514
Saudi Arabia,South America,1998,55.66,886065020,14319.53,ISO555,487
Saudi Arabia,Europe,1976,48.55,380170457,2465.89,ISO758,284
Italy,North America,1998,69.33,868329437,49175.12,ISO872,801
Egypt,Oceania,2014,41.32,109036190,73743.72,ISO890,981
Nigeria,South America,1992,53.14,665325344,9402.77,ISO950,906
China,Oceania,1982,64.53,1132894538,17665.26,ISO625,286
Canada,Asia,1966,52.48,126651588,30248.13,ISO365,654
Australia,North America,1960,64.79,1022431873,64890.64,ISO386,616
Saudi Arabia,South America,1998,45.16,315526929,22271.57,ISO240,395
Mexico,Asia,1966,82.43,525469721,70682.3,ISO994,526
France,South America,1960,53.09,429929688,5341.67,ISO505,385
France,Europe,2008,81.54,114810317,75335.57,ISO392,219
Argentina,Africa,1960,54.66,573701508,45299.02,ISO130,545
Japan,Oceania,2008,75.18,70720634,53043.44,ISO270,609
France,South America,2019,51.08,101281015,30047.47,ISO454,119
India,North America,2014,70.14,1008694003,62777.55,ISO304,512
China,South America,1992,54.57,883780993,14158.73,ISO577,503
Brazil,South America,1966,62.91,230105475,4864.03,ISO390,274
Indonesia,South America,1992,70.32,176119883,32245.84,ISO210,443
Brazil,South America,2008,66.5,1054210058,68441.96,ISO167,294
China,North America,2025,65.93,740900483,60639.22,ISO794,42
Canada,North America,1998,42.96,596165385,41855.32,ISO472,27
Saudi Arabia,South America,1971,51.21,76548122,46198.88,ISO295,779
Nigeria,Africa,1982,65.73,386496581,11261.53,ISO225,46
Indonesia,South America,2019,40.82,1080643150,67413.84,ISO786,173
Egypt,Oceania,1971,51.28,588443241,63169.81,ISO361,343
United Kingdom,Oceania,1950,50.31,1329548382,52861.16,ISO986,172
Argentina,North America,1955,51.24,502817012,37829.09,ISO897,818
Canada,Oceania,2003,64.1,742250336,77192.28,ISO254,541
Indonesia,Oceania,2025,66.19,698370524,70443.53,ISO680,695
Canada,Europe,1971,80.9,528535995,51910.01,ISO207,475
Russia,South America,1976,57.37,1210184093,30372.28,ISO522,665
Spain,South America,1982,81.7,196439203,49823.76,ISO134,648
Canada,South America,1955,69.34,352917653,46459.83,ISO970,146
United Kingdom,South America,1998,81.07,863983341,32145.12,ISO143,679
Canada,Asia,1992,77.51,1271140883,25227.24,ISO754,104
France,South America,1976,70.94,43448405,33153.85,ISO822,578
Saudi Arabia,North America,1955,56.02,1300853415,46339.0,ISO515,608
United States,North America,1955,50.85,126084658,34822.65,ISO384,722
Argentina,Asia,1960,50.01,1026160935,21822.38,ISO546,478
Egypt,South America,1950,82.85,856737361,61116.1,ISO617,948
Italy,Africa,1992,83.14,1143801941,42985.93,ISO829,314
Argentina,South America,2019,72.62,389736656,6346.34,ISO126,587
Canada,North America,1998,79.77,652431192,30097.0,ISO326,63
China,Europe,2003,81.35,1385504607,70908.16,ISO895,956
Argentina,Oceania,1966,63.02,1058441422,60663.69,ISO524,32
Saudi Arabia,Europe,1971,68.31,653897804,26536.5,ISO667,534
Russia,Africa,1982,58.84,1262054649,75116.47,ISO467,994
France,South America,1950,58.83,895004697,7051.63,ISO409,76
France,Asia,1960,41.73,464465393,76937.54,ISO947,397
China,South America,2019,59.52,1197898570,20410.7,ISO204,872
China,Africa,1960,70.31,275553440,1718.44,ISO117,397
Nigeria,Africa,1955,58.99,25839089,35270.83,ISO304,761
United States,Oceania,1987,79.26,647127397,29358.66,ISO142,484
Argentina,Africa,1971,54.97,479161946,43588.03,ISO188,476
Indonesia,Europe,1950,45.97,1138467939,63945.06,ISO685,316
Indonesia,Oceania,2008,76.52,982680127,67552.03,ISO256,441
Indonesia,South America,1955,70.33,1067334606,32697.17,ISO365,955
Germany,South America,1950,50.88,730926174,34957.81,ISO233,327
United States,Asia,2025,64.14,1108232517,12706.04,ISO563,968
India,Africa,1976,58.08,1053683248,4756.26,ISO700,90
Spain,Africa,1992,82.25,923224849,51655.98,ISO847,362
Brazil,North America,2003,67.33,336087765,6090.57,ISO231,698
India,Oceania,1982,47.13,92889694,58972.58,ISO840,200
Argentina,North America,1971,62.6,788167048,43588.12,ISO133,759
Saudi Arabia,Oceania,2008,78.82,1059427181,16688.06,ISO182,843
Canada,Europe,2014,70.22,1158229506,43622.31,ISO231,980
China,Oceania,1960,77.91,275697056,15456.82,ISO527,388
Saudi Arabia,South America,2008,51.27,425013530,35660.24,ISO965,121
Spain,Asia,2008,79.98,160787772,64165.26,ISO303,501
United Kingdom,Oceania,1987,74.0,417441259,37491.62,ISO898,911
Canada,Oceania,1998,72.8,1250318920,12747.25,ISO435,934
South Africa,Oceania,1966,55.59,1216765508,58182.47,ISO596,887
Spain,Asia,1992,79.94,926354830,15754.7,ISO541,465
South Africa,Africa,1971,68.71,1314956616,59345.44,ISO927,499
Australia,Asia,2019,78.33,1117332763,38868.83,ISO357,597
Egypt,Africa,1976,56.24,391649036,36845.6,ISO391,973
Nigeria,South America,1971,46.55,1292155479,68263.37,ISO224,250
India,Asia,1998,54.96,146652204,56979.68,ISO762,978
United States,Africa,2008,60.49,693152314,3599.95,ISO970,237
South Africa,South America,2003,64.0,841031913,24397.77,ISO858,420
France,South America,1982,62.99,969539541,69802.73,ISO274,470
Russia,Africa,1982,64.57,877601446,2447.77,ISO983,485
India,Africa,1950,77.88,785684117,44075.02,ISO591,368
United Kingdom,Europe,1955,47.65,945935678,58498.23,ISO968,156
Argentina,South America,1982,54.22,1333457124,50126.63,ISO913,275
Brazil,Africa,1987,79.99,305571046,61082.04,ISO179,395
Italy,South America,1966,65.22,1095433363,58329.66,ISO718,550
Nigeria,Asia,1976,66.25,674595593,55670.42,ISO911,728
Canada,North America,2003,61.51,828113560,65901.65,ISO404,726
Italy,North America,2008,64.7,401242807,52009.56,ISO609,433
Japan,Oceania,1998,48.91,551967451,32791.06,ISO443,654
Italy,Africa,1960,64.61,294974414,38280.82,ISO669,192
Canada,Africa,1982,84.87,705468019,57621.26,ISO190,815
United Kingdom,South America,2003,65.47,1375302794,70228.18,ISO746,910
Saudi Arabia,Oceania,1960,42.0,679868097,22505.29,ISO961,255
Brazil,Africa,2003,75.84,472892022,28024.07,ISO268,398
Italy,South America,1982,57.84,93950798,74528.41,ISO433,665
Australia,Africa,2008,46.92,10277375,46702.43,ISO733,856
United States,South America,2003,78.81,1224599203,15137.98,ISO335,222
Italy,Africa,2008,48.91,939593348,53431.92,ISO498,597
United States,Europe,2003,81.43,322249166,79270.21,ISO687,193
Italy,South America,1987,59.88,671723370,66052.83,ISO920,237
Germany,Europe,1960,73.43,751744929,59913.55,ISO576,691
India,Europe,1955,64.61,617898163,17435.69,ISO634,235
Indonesia,Europe,2008,51.55,1089558231,70215.04,ISO944,361
Spain,Europe,1976,70.2,1164737417,42537.32,ISO684,481
India,Asia,1966,83.11,1056719539,71253.91,ISO187,578
Argentina,Oceania,1987,74.63,530370653,27056.4,ISO714,950
Canada,North America,2014,67.18,747746178,5902.03,ISO705,432
Saudi Arabia,Asia,2025,84.58,644066418,38602.1,ISO927,240
Spain,Africa,2019,51.94,186628219,22317.17,ISO877,36
Germany,Africa,1955,42.81,1215028004,57503.11,ISO352,216
United Kingdom,Oceania,1966,41.45,379429799,76611.42,ISO457,575
United Kingdom,North America,1955,71.98,729529924,55586.96,ISO157,382
Russia,North America,2019,77.36,848646461,71067.78,ISO498,5
South Africa,North America,1955,68.58,965136397,36788.9,ISO620,912
Egypt,Europe,1955,80.73,295004106,61959.62,ISO624,453
Argentina,Asia,1950,71.41,350017799,67600.43,ISO516,572
Indonesia,Africa,1966,56.69,728078731,57159.17,ISO492,430
Indonesia,Asia,1955,48.16,106415950,41114.41,ISO742,816
United States,Asia,1992,81.61,986454418,50443.42,ISO321,802
South Africa,Asia,1992,44.66,1360133999,56340.05,ISO428,653
Egypt,North America,2003,64.43,1021337534,20993.67,ISO471,282
Saudi Arabia,Oceania,2003,54.13,1071886445,64956.76,ISO610,217
South Africa,Oceania,1982,52.21,290649383,76075.64,ISO252,754
China,North America,1976,69.06,356359942,37753.91,ISO992,288
China,Africa,2008,50.41,1224929437,56384.31,ISO978,996
Argentina,Africa,1960,81.24,1154199185,59225.05,ISO579,546
United Kingdom,Africa,2019,58.27,725565381,53317.56,ISO682,721
Saudi Arabia,Oceania,2008,70.48,1356585209,44222.09,ISO956,973
Nigeria,Oceania,2019,72.75,71338290,70650.19,ISO119,277
India,Asia,2025,70.73,770700419,36465.21,ISO692,14
Brazil,North America,1982,80.65,354053122,5827.13,ISO327,874
Brazil,Europe,1950,50.4,337097712,67719.95,ISO445,50
China,Asia,1992,43.87,184220217,54244.52,ISO118,518
Nigeria,South America,1966,42.5,1246161266,68091.43,ISO543,645
South Africa,Oceania,1976,79.5,965314661,11945.25,ISO776,441
United Kingdom,Asia,1976,83.8,169875914,3429.48,ISO467,587
Mexico,North America,2003,53.61,1293727219,74815.59,ISO998,674
Egypt,South America,1960,71.21,5997907,12670.54,ISO718,907
Italy,Asia,1966,40.4,634844783,64962.53,ISO988,430
United States,North America,2014,48.49,1022195098,66033.59,ISO959,435
Egypt,North America,2003,71.02,645348941,56987.71,ISO825,133
Mexico,Oceania,1998,42.96,45562019,11369.71,ISO850,25
Canada,Europe,1960,61.08,21624570,53724.49,ISO246,895
Japan,Asia,2014,69.82,912913843,71237.84,ISO792,392
Canada,North America,1976,74.47,1299151290,34617.0,ISO603,138
Saudi Arabia,Africa,1950,60.42,321508182,33667.83,ISO529,535
France,North America,1987,68.36,133577620,35985.81,ISO947,223
Germany,Europe,1987,64.28,505452423,7499.48,ISO539,336
Brazil,North America,1992,42.35,712517862,71470.02,ISO297,133
Italy,Oceania,1976,73.43,1335464471,69665.45,ISO386,35
Russia,Asia,1950,47.76,1359643806,79834.84,ISO664,605
Russia,Oceania,1960,41.43,347371096,47229.47,ISO468,774
Japan,Asia,2025,60.3,417844304,60344.14,ISO339,428
France,South America,1950,78.95,647321083,17011.08,ISO901,301
Japan,Asia,2025,46.79,744515988,53734.78,ISO386,507
France,South America,2014,40.58,527645560,52328.9,ISO799,848
Egypt,Oceania,2025,44.95,769492103,72195.49,ISO494,764
United Kingdom,Africa,1971,56.36,1272813389,66632.63,ISO617,984
Brazil,Europe,1960,66.11,1298290001,75138.85,ISO894,688
Germany,Africa,2019,48.69,919931530,69637.84,ISO874,360
Indonesia,South America,1955,76.09,1293040293,69626.82,ISO660,986
France,North America,1960,73.9,482238547,6034.14,ISO963,458
India,North America,1992,71.31,270941620,67830.99,ISO811,404
Argentina,Africa,2003,61.94,1027607276,48990.79,ISO159,991
Mexico,North America,1987,56.43,193482782,31055.11,ISO644,899
Japan,South America,2014,56.9,396597459,5464.66,ISO402,562
France,Oceania,1960,62.64,311760256,54536.23,ISO343,993
Australia,Europe,2003,43.48,923973163,26927.94,ISO783,712
United States,Asia,1955,70.7,300085713,37954.32,ISO306,923
South Africa,South America,1971,55.82,501203686,54856.55,ISO474,458
United States,South America,2008,50.11,228072299,73030.19,ISO382,894
Italy,Asia,2008,52.52,326296245,66209.52,ISO577,37
United Kingdom,Asia,2014,48.11,921582755,36597.17,ISO121,769
India,Europe,2008,80.57,538765649,31634.87,ISO658,251
Indonesia,Europe,1950,47.61,528749030,19942.6,ISO448,949
Egypt,Europe,1966,79.73,202583653,30421.71,ISO588,45
Germany,North America,1987,65.75,1116034062,9772.66,ISO769,804
China,South America,1950,79.04,352106757,77717.34,ISO357,126
Canada,Oceania,1971,61.33,1035881127,46339.48,ISO754,30
India,Asia,2008,81.74,944559637,11096.66,ISO146,465
Brazil,South America,1966,49.52,480103225,28871.67,ISO126,574
Brazil,South America,1976,64.96,528016972,44216.09,ISO126,150
Russia,Europe,1982,45.66,764234870,43097.97,ISO496,499
Egypt,Europe,1992,60.12,161204631,3804.77,ISO244,630
France,South America,1950,65.65,1234183316,76116.44,ISO686,489
Mexico,Europe,2003,67.26,1377911980,22754.68,ISO798,463
Saudi Arabia,North America,1998,56.45,1180276675,2278.59,ISO621,902
Argentina,Asia,1966,43.44,195093126,7039.08,ISO220,714
India,South America,1976,69.49,234883403,46835.4,ISO900,131
Italy,Asia,1998,61.98,567647756,11885.06,ISO561,379
China,North America,1982,46.16,96474101,4296.26,ISO776,998
Spain,Europe,1982,82.11,229392207,30990.49,ISO481,668
Egypt,Africa,1987,83.01,774949317,50198.13,ISO875,884
Russia,North America,2019,78.55,466923442,9835.34,ISO772,786
Nigeria,Africa,1998,77.97,1075406814,25752.9,ISO517,854
Russia,Asia,1987,44.44,421884195,34003.09,ISO426,959
China,South America,1987,84.7,564388900,13597.35,ISO490,86
Japan,Europe,1987,58.02,577802984,40979.84,ISO396,538
United States,North America,2008,47.34,1359592887,7731.91,ISO729,526
Argentina,Europe,2025,76.54,1324275042,4674.96,ISO922,702
United States,Africa,1987,50.16,692298549,42066.99,ISO874,984
Mexico,Africa,1976,63.68,335608626,20583.86,ISO183,631
Japan,Oceania,1992,45.76,694966825,8534.53,ISO245,677
United States,South America,1960,61.36,76142813,34489.09,ISO270,106
Italy,Africa,1976,65.12,575278955,73296.12,ISO433,758
Saudi Arabia,South America,1971,60.07,487561362,58211.2,ISO523,522
United Kingdom,Oceania,2025,43.13,1348538662,65433.66,ISO408,365
Japan,North America,2025,61.82,113892245,69881.21,ISO625,687
France,Oceania,1987,61.1,1041158249,77837.59,ISO760,259
Russia,South America,1966,51.77,1111486264,61296.48,ISO980,250
Egypt,Africa,1966,81.47,199188981,49064.23,ISO862,990
Canada,Asia,2014,58.8,651584861,29868.64,ISO668,195
Indonesia,South America,2025,78.89,72624573,15349.82,ISO446,629
Brazil,Europe,1998,44.93,115783071,55246.13,ISO401,538
Egypt,Asia,2003,54.35,235597720,79601.05,ISO446,873
Indonesia,South America,1998,47.93,118801558,37921.34,ISO507,317
South Africa,Europe,2014,58.38,1394516849,58170.67,ISO232,279
China,Oceania,1971,45.02,393631080,40112.3,ISO781,926
Mexico,Asia,2003,59.85,103009693,35122.74,ISO713,376
India,South America,2014,55.92,687273775,33414.14,ISO205,447
Egypt,North America,2014,50.05,490996966,40865.35,ISO270,651
Japan,Oceania,2025,68.9,559375642,29984.76,ISO739,872
France,Europe,1976,82.79,669039608,60153.09,ISO349,198
Argentina,North America,2025,49.32,834685481,70067.49,ISO643,261
Mexico,Africa,2003,72.03,970280206,70747.94,ISO827,793
United Kingdom,Oceania,1966,73.41,321461417,18988.2,ISO361,585
Spain,Oceania,1955,62.42,601211847,71776.82,ISO941,874
Germany,South America,2008,80.4,145969416,27982.55,ISO593,363
Spain,South America,2008,83.49,11967562,25435.31,ISO343,551
Australia,Europe,2019,56.3,1356435773,58413.73,ISO550,111
Egypt,Oceania,1955,69.3,49132603,25071.01,ISO896,27
United States,South America,2008,69.8,548374741,5184.35,ISO389,655
France,Africa,1960,58.16,830806945,30515.8,ISO362,468
Italy,South America,1955,54.26,2084258,57995.78,ISO948,25
Mexico,Oceania,1950,82.02,1131325386,26829.72,ISO944,505
United Kingdom,Asia,2019,75.55,449115643,50735.17,ISO413,854
Egypt,North America,1987,45.15,1061204639,53149.44,ISO184,844
Mexico,Oceania,2008,45.39,7156393,58965.14,ISO514,719
Argentina,Africa,1971,81.51,42758714,71873.31,ISO428,895
Japan,Oceania,1998,43.66,668580928,35172.6,ISO144,739
Germany,Africa,1950,70.98,1023143729,14148.13,ISO914,504
Mexico,Oceania,2014,50.2,103699863,26195.13,ISO432,738
Argentina,North America,1992,41.58,464805927,35141.21,ISO564,596
Italy,North America,1987,42.68,181122389,57397.43,ISO299,410
Brazil,Africa,1966,56.81,1284423105,2036.65,ISO300,333
Italy,Oceania,1987,43.49,1395220447,25947.05,ISO428,706
Indonesia,North America,2014,66.85,1000318511,62607.56,ISO779,289
Australia,Europe,2008,69.13,786007909,53997.76,ISO339,150
Brazil,Oceania,2014,56.81,705732329,58807.46,ISO983,797
United States,North America,1998,73.43,1051069637,65133.05,ISO897,989
China,Asia,1982,62.05,951770728,62875.62,ISO801,387
Egypt,Asia,2003,59.36,454732582,54892.47,ISO682,14
United Kingdom,Europe,2025,58.31,665909208,35733.26,ISO756,279
Mexico,North America,2003,59.4,1299665098,78704.27,ISO458,889
Egypt,Asia,1982,83.55,992972973,45956.78,ISO820,571
Saudi Arabia,Oceania,1950,70.66,964722212,17018.77,ISO459,688
Spain,South America,1976,54.18,709440518,24132.22,ISO477,967
Australia,North America,2014,73.02,207806072,55791.43,ISO484,306
United Kingdom,Europe,1966,54.86,105084397,74054.43,ISO819,207
France,North America,2019,45.66,22307002,15118.89,ISO564,348
South Africa,Africa,1998,61.39,1157247791,7505.37,ISO321,763
Nigeria,Africa,1998,73.8,853973141,70640.95,ISO898,829
India,Asia,1998,56.99,185454206,73306.96,ISO774,269
Saudi Arabia,Africa,2003,79.11,29314150,22833.97,ISO464,25
Indonesia,Europe,2008,57.41,716745417,30805.57,ISO171,842
India,Asia,1955,55.74,959271444,53154.85,ISO339,539
Argentina,Europe,1998,84.92,1366258693,27064.47,ISO603,709
Australia,Oceania,1982,61.71,453005616,70295.54,ISO513,99
Egypt,Europe,1992,76.23,416368417,9498.72,ISO226,984
Italy,Africa,2014,76.22,700719331,4000.6,ISO586,448
Brazil,Oceania,1971,81.69,1164446728,17470.41,ISO696,266
Italy,Africa,1987,43.82,187168005,23600.93,ISO626,587
Indonesia,Europe,1971,52.2,539576862,9921.2,ISO347,758
India,Africa,2019,74.55,601015796,6189.54,ISO581,386
France,Africa,1982,65.32,1312127228,60693.01,ISO411,553
Japan,Africa,1982,65.18,658691220,13977.85,ISO543,920
Australia,North America,1992,47.48,659825370,73199.85,ISO382,395
China,Oceania,1960,52.65,95495515,30071.97,ISO101,892
China,Oceania,2019,63.46,654324559,53977.86,ISO173,604
Germany,Oceania,1950,52.47,464513122,18806.77,ISO163,543
Nigeria,Europe,1955,49.46,227702755,19985.5,ISO872,95
Egypt,South America,2008,43.95,775260322,46402.03,ISO446,569
Indonesia,Europe,1976,47.01,546236882,45290.79,ISO423,162
United States,Oceania,2019,74.6,881559612,61729.61,ISO338,887
Japan,Asia,1998,72.35,608165880,60867.25,ISO496,231
Japan,Africa,1998,42.06,1250864660,53984.33,ISO436,476
Brazil,Africa,2008,49.15,1178399417,36481.31,ISO440,375
Russia,South America,2014,65.22,249104352,71360.59,ISO378,379
Argentina,Asia,2019,54.52,193079222,50183.7,ISO452,556
Brazil,North America,1992,77.05,956862590,79225.68,ISO991,40
Mexico,Europe,1960,75.32,881094533,65730.22,ISO562,640
Spain,North America,1998,80.12,791189535,4500.48,ISO561,937
Spain,Asia,1955,65.33,1001353941,26326.92,ISO812,694
China,South America,2003,55.84,924977295,46178.18,ISO392,847
Saudi Arabia,Asia,1950,67.27,923756585,57996.09,ISO897,40
India,South America,1955,44.01,222962042,44476.58,ISO832,104
Saudi Arabia,North America,1960,40.43,563256024,63104.3,ISO506,546
Canada,North America,1982,40.77,438074960,23329.8,ISO261,193
Australia,Asia,1955,58.34,908332134,15529.05,ISO602,515
Italy,Asia,2014,50.26,807923611,5259.42,ISO547,661
Spain,Africa,1971,47.08,865079306,46291.79,ISO794,93
Argentina,South America,1955,67.69,100720614,55399.36,ISO554,9
Argentina,Africa,1982,84.78,112209440,26765.83,ISO984,908
South Africa,Europe,1998,48.0,997984760,49473.15,ISO364,142
United Kingdom,Europe,1987,64.59,336415083,5120.42,ISO231,98
Egypt,Asia,1987,45.39,205493603,8844.17,ISO933,634
Germany,North America,2014,82.04,1105724322,56438.63,ISO219,881
Canada,Europe,2025,53.13,312666245,30077.51,ISO991,635
Mexico,Europe,1987,79.53,919415439,54035.39,ISO318,389
China,Africa,1998,52.74,782432364,66705.97,ISO516,126
Nigeria,Africa,2025,76.27,309421595,68357.17,ISO771,288
United Kingdom,Europe,1992,49.42,1392292648,14601.24,ISO604,369
Brazil,Asia,1950,53.18,848773151,39416.56,ISO399,892
South Africa,Africa,2008,48.66,212656857,58980.21,ISO208,694
Saudi Arabia,Europe,1950,51.89,747029962,62144.47,ISO337,493
Japan,North America,2019,77.57,1095434200,62989.4,ISO392,328
Egypt,Africa,2025,68.76,349527646,19025.22,ISO678,410
Brazil,Europe,2019,58.26,1202079892,16210.25,ISO927,522
Japan,South America,2019,83.72,1352921196,47610.98,ISO286,899
United Kingdom,Africa,1998,60.92,1100312630,59545.78,ISO135,827
Italy,South America,1955,83.64,646583170,26212.02,ISO660,642
South Africa,Africa,2003,48.85,420807661,9271.71,ISO355,80
India,Africa,2025,80.71,318592757,57622.96,ISO534,237
Egypt,Oceania,1976,40.62,610893160,24676.13,ISO718,833
Saudi Arabia,Oceania,2019,64.54,637029303,14142.66,ISO107,589
Spain,South America,1950,59.04,1002922640,12670.16,ISO847,487
Russia,Asia,1971,63.63,287285667,25877.85,ISO277,467
Nigeria,Europe,2025,64.91,1260028899,47821.57,ISO341,274
Brazil,Asia,1971,57.51,1167508498,29313.78,ISO140,824
Germany,Asia,2025,84.92,626087544,2632.29,ISO456,942
Argentina,Oceania,2025,83.94,981585793,8655.77,ISO856,470
Japan,Europe,1966,83.28,456800784,23949.76,ISO212,472
Japan,Oceania,2003,84.06,95362889,53116.65,ISO976,635
France,Oceania,1971,75.69,413212450,8782.69,ISO867,550
Mexico,Oceania,2008,84.49,64464227,45291.89,ISO265,722
Egypt,North America,1950,80.16,1241687669,10470.98,ISO603,273
Indonesia,Asia,2003,58.72,613648896,17717.61,ISO953,608
Spain,Asia,2003,75.31,327851537,14602.89,ISO177,968
France,Asia,1976,81.04,1342554691,6311.06,ISO818,381
Italy,North America,1982,72.07,1386797486,54035.06,ISO922,180
Russia,Africa,1987,59.03,926467226,37608.88,ISO977,277
Saudi Arabia,South America,2025,42.96,638475928,66653.22,ISO295,694
Egypt,South America,1955,76.44,1246361526,8812.38,ISO501,644
Canada,North America,2025,82.87,719106203,12433.9,ISO932,640
Italy,Asia,2025,56.31,516866520,25210.16,ISO163,30
France,South America,1982,46.84,414145658,61503.41,ISO751,579
Nigeria,North America,1976,54.69,927387379,25154.95,ISO985,63
Germany,Oceania,1992,66.22,755384527,33265.08,ISO524,734
Brazil,Europe,2025,54.26,604782756,24826.68,ISO141,220
Australia,South America,1987,67.48,1089252796,7337.72,ISO472,684
United Kingdom,Europe,2019,83.51,1399727951,75215.26,ISO405,664
United States,Asia,2003,70.18,131924598,44334.58,ISO308,273
India,South America,2019,56.32,90197406,63238.82,ISO566,119
South Africa,North America,2025,82.11,300059022,53010.21,ISO403,248
Italy,Africa,1966,65.45,6892391,41626.09,ISO684,663
Italy,South America,2019,45.78,453627732,8084.58,ISO491,607
Indonesia,South America,2014,62.45,500537543,51775.95,ISO252,88
Japan,South America,1992,69.41,50146601,13274.26,ISO746,602
Argentina,South America,1950,77.72,732453126,33736.27,ISO461,910
Nigeria,North America,2003,82.14,281145161,50699.94,ISO363,635
Japan,North America,1976,54.28,801628664,62796.09,ISO315,453
United States,Africa,1987,47.0,26484163,55118.57,ISO820,855
United States,North America,2003,43.32,926570408,54051.15,ISO815,539
Saudi Arabia,North America,2003,73.23,75654947,12774.33,ISO721,890
Egypt,Asia,1966,75.78,107404066,28344.15,ISO642,92
Indonesia,Asia,1955,58.42,131208830,4390.07,ISO623,552
United States,Europe,2003,57.82,1094238954,57838.67,ISO738,857
Japan,Africa,1955,82.94,1137262082,76254.29,ISO924,898
Japan,Asia,1998,81.25,626543929,21864.72,ISO293,510
Russia,Africa,1950,50.5,513911666,7928.04,ISO751,411
United States,Africa,1971,75.14,616573229,38570.04,ISO126,274
Saudi Arabia,South America,2014,68.02,1069259895,68679.16,ISO145,527
Italy,Oceania,1976,46.94,986345706,44605.96,ISO746,497
Egypt,Oceania,1966,56.05,98521559,4695.39,ISO928,610
Indonesia,Oceania,1966,47.99,678403615,77967.51,ISO157,451
Brazil,Africa,1971,53.28,509323873,66463.34,ISO112,546
Canada,South America,2019,67.69,549143930,11395.93,ISO711,952
Mexico,Europe,2025,56.89,1254590409,73822.02,ISO148,353
Canada,Europe,1971,57.73,938850006,36604.37,ISO902,748
Italy,Oceania,2019,64.28,775008523,30379.94,ISO193,855
Argentina,Europe,2019,43.93,376309695,37423.21,ISO706,331
Russia,South America,2019,73.25,522535210,66931.18,ISO756,815
Egypt,Oceania,2019,58.08,1335711312,53098.89,ISO683,289
Brazil,South America,1992,61.62,869934225,5680.63,ISO550,38
Australia,Europe,1987,83.84,1225992848,76650.75,ISO478,536
Saudi Arabia,Oceania,1992,55.5,1069756174,12674.95,ISO109,626
United Kingdom,South America,2014,69.17,55603979,59899.87,ISO773,491
Argentina,North America,2019,57.66,492265402,51254.79,ISO825,834
Italy,North America,1960,80.24,1345608015,15814.72,ISO615,863
Germany,South America,2019,78.1,508460197,14487.83,ISO323,490
Spain,South America,1960,50.87,1086216911,69755.88,ISO480,148
Italy,Asia,1950,71.13,124973537,34155.9,ISO640,527
Canada,Asia,2019,42.93,736047783,52711.54,ISO401,759
France,Africa,1998,83.34,222567299,40821.61,ISO302,149
Australia,Oceania,2014,55.7,543459050,58460.93,ISO688,754
China,Africa,1976,77.43,361586995,38860.15,ISO670,506
Mexico,Africa,1966,54.33,940820614,23703.01,ISO295,607
Brazil,Europe,2003,68.47,363455491,29707.29,ISO421,831
France,North America,2025,84.26,1155808688,68867.14,ISO517,838
Russia,Europe,2025,79.45,1047982014,37974.74,ISO718,630
Nigeria,Oceania,2019,47.22,75197308,17862.5,ISO441,530
United States,South America,1987,64.64,1276995978,74833.83,ISO488,275
United States,Asia,1955,55.68,332581075,63931.44,ISO108,537
Germany,Oceania,2003,59.55,986031562,5397.63,ISO631,633
United Kingdom,South America,1955,55.08,192933902,79916.49,ISO248,884
Russia,Oceania,1982,55.12,659988368,55899.21,ISO482,98
United States,South America,2014,64.41,935313697,13661.06,ISO628,450
Japan,Asia,2025,48.64,331329841,19736.25,ISO111,418
Saudi Arabia,South America,1971,64.18,1360519215,55703.19,ISO575,260
Canada,Africa,2014,52.55,542391819,62601.12,ISO693,846
India,Oceania,1950,53.0,1212457897,19883.84,ISO678,265
Brazil,Asia,1982,73.24,1009710427,21300.54,ISO744,90
Japan,South America,1982,41.33,754000879,25262.53,ISO152,908
Indonesia,Africa,1998,57.14,1214847047,48243.45,ISO535,439
Mexico,Africa,1976,58.34,840594842,14573.48,ISO305,979
United Kingdom,North America,1966,61.83,704559061,9235.21,ISO844,833
Saudi Arabia,Africa,2008,70.11,645819957,54630.26,ISO153,573
India,Europe,2014,56.64,787873720,62548.74,ISO679,745
Brazil,Asia,1987,49.59,250957527,40573.42,ISO589,111
Spain,Asia,2008,79.82,718266133,29742.78,ISO902,22
Spain,Asia,2003,84.15,1242002559,35131.37,ISO443,368
Saudi Arabia,South America,1955,40.9,343725696,31684.22,ISO268,656
Canada,Oceania,1955,64.59,1247917500,76838.81,ISO260,382
United Kingdom,South America,1955,55.38,886743128,61679.1,ISO626,163
Spain,Europe,1960,52.46,239573539,17438.89,ISO802,103
Australia,Oceania,1976,55.11,639839912,31350.94,ISO626,268
Germany,Africa,1950,68.75,62168770,43976.97,ISO386,753
India,South America,2003,48.58,330809284,49425.88,ISO974,753
South Africa,Oceania,1955,81.08,895561600,37986.53,ISO511,52
Germany,Africa,1998,60.98,1029264373,65000.0,ISO621,680
Mexico,Oceania,2025,54.65,467306066,61640.88,ISO668,802
Argentina,Africa,1955,74.45,328497952,40907.48,ISO298,418
India,Oceania,2019,40.74,958777513,68499.92,ISO260,62
Canada,South America,2008,59.43,368012233,60336.07,ISO874,186
Canada,South America,1950,55.99,456052513,62507.97,ISO488,662
Australia,Europe,1960,55.22,10886607,76555.66,ISO573,450
Indonesia,North America,1998,55.17,840873965,22050.89,ISO480,901
United Kingdom,Asia,1982,41.41,1037783516,22144.2,ISO864,304
Italy,South America,2025,46.85,988889678,71227.23,ISO730,611
Japan,South America,2014,46.38,1295730890,62005.88,ISO691,558
Japan,Africa,1950,84.49,640061537,74197.1,ISO223,357
United Kingdom,North America,1982,41.0,1392122845,5987.28,ISO924,772
Brazil,South America,1971,47.52,1128205862,50592.81,ISO171,216
Saudi Arabia,Oceania,1992,83.84,1142939395,12425.64,ISO267,192
United Kingdom,North America,1955,68.27,999446917,40807.88,ISO383,646
Nigeria,Asia,1950,60.28,1279459296,13304.01,ISO593,350
Indonesia,Oceania,1992,43.54,825956255,11118.2,ISO135,815
Mexico,Africa,1987,70.13,1350338773,1961.3,ISO923,906
Italy,Europe,1998,46.2,1000114390,50788.87,ISO274,804
Spain,Oceania,1976,70.2,519131774,29362.79,ISO298,140
China,Asia,2025,84.06,544283865,9309.87,ISO215,33
Brazil,Oceania,1971,63.94,1128539196,26504.18,ISO414,149
Saudi Arabia,North America,1987,49.63,1012714782,14346.58,ISO319,827
Argentina,North America,1987,68.14,788239004,75393.89,ISO990,989
United Kingdom,Asia,2019,63.08,1351438916,26280.39,ISO677,471
France,North America,1971,63.99,1302458357,27382.33,ISO876,620
Italy,Oceania,2008,61.51,139230949,67348.78,ISO233,506
South Africa,Europe,1982,70.32,206015064,52172.71,ISO730,802
France,Oceania,2014,65.74,1287396411,57103.56,ISO221,971
Indonesia,Europe,2014,84.41,1243890337,51244.14,ISO932,194
Mexico,North America,1950,77.16,24799051,75749.51,ISO998,474
Germany,Oceania,1966,51.91,143072469,17353.07,ISO520,693
Nigeria,North America,1955,72.66,336611643,79134.1,ISO994,348
Brazil,Europe,1998,49.64,845996179,66645.54,ISO591,754
Egypt,North America,1960,75.21,226858844,47528.83,ISO698,4
Argentina,South America,2008,46.64,1097564444,53327.36,ISO388,113
Nigeria,Africa,1950,61.31,1376470700,52257.24,ISO748,853
United States,Oceania,2003,75.58,595227226,5613.3,ISO152,790
Indonesia,South America,2003,52.61,986268176,18223.3,ISO304,886
Argentina,North America,1955,77.67,788737651,76956.2,ISO447,897
Mexico,North America,2014,68.99,2801708,43214.79,ISO150,749
France,Africa,1950,57.89,1194529084,30889.93,ISO938,67
India,North America,1987,59.05,196310348,61201.04,ISO139,759
Argentina,Africa,1966,81.67,862845801,42437.0,ISO349,56
Spain,Oceania,1960,49.8,1260791950,2039.86,ISO317,265
Saudi Arabia,Europe,1950,71.2,162596433,59162.77,ISO278,532
China,Africa,1955,71.83,73406785,58845.19,ISO650,305
Indonesia,Africa,1960,81.51,848574924,14046.75,ISO282,971
Argentina,South America,1960,72.09,1246251562,76576.15,ISO835,889
United States,North America,1976,66.3,400337411,18688.74,ISO263,237
China,Oceania,1998,80.61,324982581,37162.2,ISO845,76
Canada,Europe,1987,77.31,938363958,10064.14,ISO476,360
China,Asia,1976,72.25,105691914,48659.3,ISO804,954
China,Africa,1955,41.47,14418985,30660.64,ISO596,606
France,Asia,1955,56.81,478376267,28900.7,ISO696,487
Egypt,North America,2019,68.44,1266564296,66331.17,ISO560,9
Germany,Africa,1982,63.5,786864692,1755.38,ISO854,713
South Africa,Asia,1950,54.37,1317049580,64037.79,ISO573,880
France,South America,1950,46.5,1324359973,46144.44,ISO784,711
Japan,Asia,1982,64.88,1067519749,78901.78,ISO136,985
South Africa,South America,1992,52.87,482040362,47566.01,ISO698,811
Russia,Europe,1971,50.49,830942266,5374.95,ISO740,862
Spain,North America,2003,57.95,1052950122,5000.98,ISO805,837
Russia,Oceania,1950,75.35,782276750,70769.09,ISO418,140
South Africa,Asia,1971,61.95,661680108,67455.92,ISO654,782
Egypt,Africa,2003,49.74,575893846,28325.32,ISO511,407
France,North America,1950,45.26,1043810599,49824.57,ISO455,631
Japan,Asia,1998,62.45,649596414,39677.72,ISO770,558
Nigeria,Africa,2025,75.75,83735724,77405.96,ISO716,746
Egypt,Africa,2008,69.38,972009458,76046.91,ISO328,573
Australia,Oceania,1992,50.45,26199848,78723.28,ISO828,209
South Africa,Oceania,1966,59.65,268364255,69449.45,ISO363,413
United States,Africa,1992,78.49,1068735973,72854.58,ISO586,809
Argentina,Oceania,1955,47.99,692976119,18165.02,ISO660,609
Japan,Africa,1982,63.94,761709869,66649.54,ISO451,39
United Kingdom,Asia,2025,56.03,122739536,56999.71,ISO541,233
Italy,Europe,2008,45.59,1304812902,77060.13,ISO734,230
China,Oceania,2014,42.25,1093464680,46129.68,ISO558,698
Mexico,South America,1955,65.01,926364783,7728.21,ISO914,265
Brazil,South America,2008,40.93,1388880913,48194.51,ISO124,134
Saudi Arabia,South America,1966,44.66,118567387,55239.89,ISO230,580
India,Europe,1976,55.64,1236969100,18405.36,ISO469,895
China,Africa,2019,41.96,1034733809,32134.96,ISO535,451
China,Africa,1955,58.02,773420073,48281.77,ISO323,189
Brazil,North America,1955,45.87,1116381504,30554.35,ISO710,632
United States,South America,1955,55.74,334586548,30620.87,ISO451,189
Argentina,South America,1960,75.6,277343217,11513.84,ISO901,277
Indonesia,Africa,1971,68.19,881817722,75318.99,ISO584,666
China,South America,1992,60.04,904746154,60289.06,ISO296,355
Spain,Africa,1976,44.13,639805442,1098.23,ISO208,416
Australia,Africa,2025,67.86,393341928,61483.45,ISO959,154
Mexico,Oceania,2025,47.37,969048009,59443.8,ISO319,387
India,Africa,2008,43.45,212398689,1768.75,ISO875,39
China,Asia,2019,69.88,560301882,30198.74,ISO819,329
China,Asia,1992,81.04,637161661,48933.07,ISO418,468
Russia,Asia,1998,60.73,447398802,36767.3,ISO181,469
Brazil,Asia,2025,41.84,1351380771,62460.9,ISO636,98
South Africa,Europe,2019,79.61,875391184,34611.21,ISO797,137
United States,North America,2014,43.01,316942214,13155.17,ISO531,165
Egypt,North America,1971,79.04,768644825,78136.83,ISO996,559
United Kingdom,Africa,2003,57.63,1252155949,20121.16,ISO107,303
Egypt,South America,1976,56.44,380863341,57697.69,ISO735,798
Saudi Arabia,Asia,1998,64.43,437087877,12309.35,ISO248,359
United Kingdom,North America,2008,83.07,700018332,26992.0,ISO197,243
India,North America,1987,80.44,486793416,35920.18,ISO827,567
Germany,Asia,1960,61.16,210170293,16186.33,ISO200,941
Australia,Europe,1955,71.31,61862027,36546.81,ISO829,796
China,Europe,1960,66.12,360111742,13415.86,ISO466,589
Japan,North America,2019,71.21,789111971,45161.52,ISO561,810
Egypt,Europe,1992,77.32,183926771,53433.35,ISO513,753
Saudi Arabia,Oceania,2025,41.55,324187759,5932.31,ISO358,170
Nigeria,Asia,1976,54.66,885170825,69819.44,ISO455,143
Brazil,North America,1998,83.17,408563065,15626.13,ISO110,142
Mexico,Asia,2008,82.72,428184669,18803.63,ISO515,884
Saudi Arabia,Europe,1966,40.5,633037532,53246.64,ISO670,238
Egypt,Asia,1998,49.06,1208119334,38031.33,ISO349,6
Mexico,Europe,1960,84.72,616978249,40452.25,ISO751,259
Nigeria,Europe,2014,62.18,1234797375,11124.24,ISO946,374
Argentina,Asia,1955,65.78,721456742,64653.13,ISO649,281
India,Europe,2025,47.49,330710646,49747.29,ISO221,519
Germany,Oceania,2019,80.25,196732507,11695.18,ISO164,907
Nigeria,Africa,1966,50.41,1333461457,30545.95,ISO757,785
Egypt,Asia,1992,48.53,29678261,65022.38,ISO401,215
India,Africa,1966,50.27,176098225,45900.05,ISO224,219
Canada,Asia,2014,81.38,364612368,9583.25,ISO411,273
Argentina,Europe,2008,71.63,859819146,30449.39,ISO290,479
Italy,Europe,1971,74.59,287326336,20172.86,ISO874,531
Saudi Arabia,North America,2025,56.97,651512227,41879.78,ISO972,931
Japan,Oceania,1987,80.91,1253159075,67625.53,ISO549,67
Spain,North America,1955,75.52,159518664,35465.1,ISO907,754
Japan,Africa,2008,73.78,748543810,35234.02,ISO793,463
Argentina,Europe,2003,83.69,960023026,72522.72,ISO258,19
Brazil,North America,2019,56.48,223523015,46518.65,ISO452,567
South Africa,Europe,1960,67.49,304517553,45729.1,ISO919,22
Mexico,Asia,1976,80.95,781752570,21690.88,ISO898,328
Brazil,North America,2008,75.59,77749427,49010.1,ISO773,911
India,Africa,1982,65.35,802941948,46496.93,ISO362,96
India,North America,1966,43.43,1104944284,32351.27,ISO828,776
Japan,Europe,2019,69.37,79730123,79264.95,ISO505,813
France,South America,2025,63.7,365692104,70669.39,ISO792,20
India,South America,1950,48.29,634742952,60217.32,ISO702,626
Spain,Oceania,1982,79.7,53345136,43450.3,ISO116,843
Saudi Arabia,Europe,2008,55.45,132549237,37502.72,ISO736,875
Italy,Asia,1992,57.44,268334767,15606.89,ISO359,491
Germany,North America,1950,70.26,32292075,25153.26,ISO989,97
China,South America,2019,62.0,94943711,62142.9,ISO454,13
France,Asia,1950,44.02,899122146,36846.17,ISO588,727
Brazil,Europe,1950,57.43,1364427277,70699.29,ISO313,752
Mexico,Asia,1998,44.25,887664629,12684.98,ISO338,769
Australia,Europe,1982,48.58,429496527,41159.42,ISO279,531
Mexico,Oceania,2003,40.32,118858388,52110.29,ISO518,492
Australia,North America,1992,48.16,1240997963,41831.03,ISO783,147
Nigeria,Asia,1960,54.87,877210427,71248.92,ISO242,557
Canada,North America,1987,64.22,794937623,79175.5,ISO416,518
Japan,Asia,1992,81.37,519353021,10150.94,ISO343,922
Spain,Europe,1960,64.31,48230855,11266.44,ISO331,473
United States,Europe,2008,71.75,340940756,11295.6,ISO783,380
Argentina,Asia,2008,56.1,336890735,54812.99,ISO888,671
Saudi Arabia,Oceania,1960,73.82,376185287,30441.41,ISO688,497
Italy,Europe,2025,67.92,523349595,58931.86,ISO402,688
Argentina,Africa,1950,60.69,135593359,33032.25,ISO430,487
Australia,Africa,1955,48.72,1174898505,50580.93,ISO660,455
Russia,North America,1982,53.66,459337331,61818.78,ISO347,539
Spain,Africa,1960,67.94,292015310,44309.06,ISO382,790
Italy,Africa,1982,59.17,215737539,43620.78,ISO386,78
United Kingdom,Oceania,1971,80.02,393591870,7970.51,ISO131,43
Indonesia,Oceania,1998,50.57,1210678030,33451.76,ISO599,305
China,South America,1987,43.29,125497891,44116.4,ISO769,555
Spain,South America,1971,66.52,316150909,37496.49,ISO629,65
Nigeria,Oceania,1960,79.87,1175702954,72161.78,ISO480,753
Canada,South America,1992,56.41,955840707,72615.92,ISO162,506
Italy,Oceania,2025,69.15,920293480,65931.47,ISO227,248
United Kingdom,South America,1982,50.41,564435720,30648.55,ISO627,21
Russia,Europe,1971,65.13,412000418,57666.63,ISO262,655
Egypt,Oceania,1982,75.41,398175606,32227.79,ISO350,401
Spain,North America,2003,79.02,402962267,19374.89,ISO748,597
South Africa,North America,1998,44.73,740818852,28089.31,ISO929,192
Mexico,Oceania,1992,56.04,869789294,6606.21,ISO394,623
France,Africa,1971,68.78,160906811,27210.42,ISO278,749
Argentina,North America,1982,41.56,1332019912,37398.64,ISO328,783
Egypt,Africa,2003,71.08,1035282178,76482.99,ISO982,107
South Africa,North America,1992,63.76,107147444,25759.44,ISO493,926
Russia,Asia,1950,52.99,1395281540,72293.83,ISO791,649
South Africa,Asia,1966,76.66,305098761,19079.8,ISO495,347
India,Oceania,1950,53.05,1053117531,16086.54,ISO171,374
Egypt,North America,1987,84.61,574086221,42000.64,ISO417,36
Spain,Europe,1960,76.74,349277293,54128.4,ISO998,752
South Africa,Africa,1955,71.86,768197142,4502.25,ISO694,377
France,North America,2019,42.76,1156208076,18464.2,ISO478,851
Mexico,Oceania,1966,80.69,1316957775,36999.01,ISO235,181
Argentina,Africa,2003,75.55,607943197,27149.34,ISO829,15
Argentina,South America,1960,50.31,698925543,57297.07,ISO720,866
Brazil,Oceania,2003,57.65,130802448,41381.69,ISO477,956
Indonesia,North America,1971,52.09,1248090624,13668.37,ISO218,744
Nigeria,Europe,2025,84.3,74538800,71662.76,ISO629,824
Japan,South America,2014,78.44,854927895,24139.55,ISO943,784
United States,Oceania,1987,81.86,835284335,58759.36,ISO765,893
India,North America,1998,75.49,886743233,62613.35,ISO622,459
South Africa,Asia,1987,60.54,806499256,77089.46,ISO749,873
Italy,North America,2003,49.24,507751218,40382.09,ISO486,646
Australia,Asia,1982,49.36,148588064,49651.01,ISO673,252
United Kingdom,Asia,1987,46.83,897294032,27455.23,ISO682,451
China,Oceania,2014,64.6,1223476169,54576.16,ISO672,983
Brazil,North America,2014,81.4,436232581,37607.3,ISO743,573
Argentina,North America,1971,84.63,1341424549,35574.54,ISO672,7
Argentina,Asia,1998,52.93,1154431103,68581.93,ISO969,239
Canada,Africa,1998,71.38,573684848,4963.34,ISO368,176
Indonesia,South America,2003,66.87,42465399,70675.03,ISO623,325
Brazil,Europe,2008,62.0,1345974170,68313.52,ISO646,374
Germany,North America,2003,69.96,933072505,41002.93,ISO585,551
Nigeria,South America,2014,56.71,1276986074,39726.03,ISO537,794
Brazil,South America,1976,82.5,195868790,29582.78,ISO662,752
United States,Africa,1987,71.75,918925350,79539.73,ISO654,790
Egypt,South America,2025,73.94,247153044,9782.38,ISO839,299
Germany,North America,2014,50.91,717809746,47627.0,ISO210,843
Japan,Oceania,1950,47.59,302343206,54852.85,ISO421,403
Indonesia,Oceania,1976,57.75,732519126,74812.07,ISO626,61
South Africa,South America,1976,74.5,1154705318,62636.08,ISO276,878
Spain,North America,2025,82.25,287965355,51863.93,ISO773,533
Egypt,North America,2003,59.23,69486190,10228.17,ISO650,551
Canada,Asia,2014,74.84,1320258318,30524.95,ISO637,411
China,Africa,1971,61.17,262536193,11968.49,ISO723,644
Mexico,Europe,1966,53.29,91203618,70615.81,ISO572,516
Canada,Asia,1950,73.27,521988499,60220.07,ISO662,67
Egypt,Europe,2003,75.92,1333867995,60845.41,ISO978,577
Spain,North America,1998,49.13,393437375,52528.26,ISO487,881
Brazil,Oceania,2003,53.73,672046328,41056.44,ISO197,423
Spain,Asia,1987,62.26,977256399,12847.71,ISO510,846
Egypt,South America,1976,48.39,724639392,27045.9,ISO474,149
Germany,South America,1960,81.8,1092888174,11816.35,ISO269,275
Brazil,Europe,2008,66.61,18588363,58268.14,ISO155,20
Spain,North America,1960,45.45,1342988070,13658.07,ISO832,795
Mexico,Oceania,2008,48.28,1131377130,56466.97,ISO424,101
Russia,Europe,1976,82.95,1048031123,55688.18,ISO757,455
Italy,Oceania,2008,73.22,317836764,37285.05,ISO359,742
Canada,Africa,2025,73.05,391841834,11683.06,ISO740,978
Japan,Oceania,1982,43.26,1103130224,25869.27,ISO661,901
Indonesia,South America,1987,80.29,170299842,26287.36,ISO439,246
Japan,Asia,1971,59.97,1174541487,56330.43,ISO937,482
Japan,Asia,1998,69.69,1219065723,9985.7,ISO503,204
Saudi Arabia,Asia,1976,83.19,663925398,66496.42,ISO631,909
United Kingdom,Oceania,2008,44.5,259525053,61119.58,ISO273,952
Saudi Arabia,South America,1950,61.7,1091777369,15718.25,ISO894,476
Indonesia,Oceania,1976,42.23,989232443,57813.99,ISO637,182
United Kingdom,North America,1992,62.48,479257604,53812.54,ISO259,511
Japan,South America,1998,51.35,1274688110,60101.54,ISO109,456
Japan,South America,1966,81.0,99043467,15925.36,ISO693,273
Japan,Oceania,2019,57.93,34061801,13449.64,ISO355,237
Russia,Oceania,2019,68.52,530025054,19682.23,ISO716,627
India,Asia,1998,78.71,877698835,29903.86,ISO751,489
Indonesia,South America,2014,84.27,512481491,63699.53,ISO813,581
Saudi Arabia,Asia,1950,62.67,696051498,59295.99,ISO443,341
Mexico,North America,2019,60.51,363705287,74110.68,ISO635,864
Canada,Africa,2003,43.41,296410670,5631.74,ISO472,952
Canada,Asia,1992,40.57,458523553,1912.95,ISO534,760
United Kingdom,Oceania,1966,67.4,513218710,56231.97,ISO145,760
Argentina,Europe,1955,42.95,731494540,23063.71,ISO828,983
Germany,Africa,1950,57.12,1227397596,27392.23,ISO154,451
Italy,North America,1960,40.16,675562759,44197.36,ISO177,587
Italy,Oceania,1982,67.69,370374602,9090.64,ISO590,360
Spain,Africa,2003,59.14,1217883372,51772.86,ISO770,52
Canada,Oceania,1998,45.72,783656344,26686.65,ISO955,499
Nigeria,Asia,1955,53.34,1131221744,50984.49,ISO371,349
Egypt,Oceania,2025,65.63,268250814,66886.55,ISO759,705
Italy,North America,1992,69.55,344870812,14517.8,ISO649,296
United States,Europe,2008,60.81,1378344503,74538.97,ISO210,692
